FileName,Enabled,Id,TimeStamp,Started,Stopped,NullableTimeStamp
s504lhqa.dii,True,0,9/19/2017 3:35:24 PM,9/19/2017 3:35:24 PM,9/19/2017 3:36:24 PM,
23ywhykv.gmz,True,1,9/19/2017 3:35:24 PM,9/19/2017 3:35:24 PM,9/19/2017 3:36:24 PM,
gtjvpcir.3ml,True,2,9/19/2017 3:35:24 PM,9/19/2017 3:35:24 PM,9/19/2017 3:36:24 PM,
hm5t0woh.m2r,True,3,9/19/2017 3:35:24 PM,9/19/2017 3:35:24 PM,9/19/2017 3:36:24 PM,
yyiag5hc.uu3,True,4,9/19/2017 3:35:24 PM,9/19/2017 3:35:24 PM,9/19/2017 3:36:24 PM,
xfyh3rrx.14i,True,5,9/19/2017 3:35:24 PM,9/19/2017 3:35:24 PM,9/19/2017 3:36:24 PM,
1nysojyr.qjw,True,6,9/19/2017 3:35:24 PM,9/19/2017 3:35:24 PM,9/19/2017 3:36:24 PM,
qe00xbpf.ntn,True,7,9/19/2017 3:35:24 PM,9/19/2017 3:35:24 PM,9/19/2017 3:36:24 PM,
ggktzxpb.z1x,True,8,9/19/2017 3:35:24 PM,9/19/2017 3:35:24 PM,9/19/2017 3:36:24 PM,
fhb1ahmw.ehh,True,9,9/19/2017 3:35:24 PM,9/19/2017 3:35:24 PM,9/19/2017 3:36:24 PM,
ahritmj5.ebm,True,10,9/19/2017 3:35:24 PM,9/19/2017 3:35:24 PM,9/19/2017 3:36:24 PM,
jyn2spya.niz,True,11,9/19/2017 3:35:24 PM,9/19/2017 3:35:24 PM,9/19/2017 3:36:24 PM,
laly04vo.qtq,True,12,9/19/2017 3:35:24 PM,9/19/2017 3:35:24 PM,9/19/2017 3:36:24 PM,
5x03q2zn.pd3,True,13,9/19/2017 3:35:24 PM,9/19/2017 3:35:24 PM,9/19/2017 3:36:24 PM,
51qfvwhi.ckp,True,14,9/19/2017 3:35:24 PM,9/19/2017 3:35:24 PM,9/19/2017 3:36:24 PM,
1e5i45sk.a01,True,15,9/19/2017 3:35:24 PM,9/19/2017 3:35:24 PM,9/19/2017 3:36:24 PM,
5wdetuzy.s11,True,16,9/19/2017 3:35:24 PM,9/19/2017 3:35:24 PM,9/19/2017 3:36:24 PM,
itic4d0z.agb,True,17,9/19/2017 3:35:24 PM,9/19/2017 3:35:24 PM,9/19/2017 3:36:24 PM,
rv11ogcv.xxz,True,18,9/19/2017 3:35:24 PM,9/19/2017 3:35:24 PM,9/19/2017 3:36:24 PM,
mckeb21b.los,True,19,9/19/2017 3:35:24 PM,9/19/2017 3:35:24 PM,9/19/2017 3:36:24 PM,
sem2fwt2.v4f,True,20,9/19/2017 3:35:24 PM,9/19/2017 3:35:24 PM,9/19/2017 3:36:24 PM,
bjs1rstx.yjs,True,21,9/19/2017 3:35:24 PM,9/19/2017 3:35:24 PM,9/19/2017 3:36:24 PM,
mkbp2aq1.vwo,True,22,9/19/2017 3:35:24 PM,9/19/2017 3:35:24 PM,9/19/2017 3:36:24 PM,
sqivt3ny.klo,True,23,9/19/2017 3:35:24 PM,9/19/2017 3:35:24 PM,9/19/2017 3:36:24 PM,
ztydukkx.pln,True,24,9/19/2017 3:35:24 PM,9/19/2017 3:35:24 PM,9/19/2017 3:36:24 PM,
yp3t53vj.bm1,True,25,9/19/2017 3:35:24 PM,9/19/2017 3:35:24 PM,9/19/2017 3:36:24 PM,
ei5m4luw.45x,True,26,9/19/2017 3:35:24 PM,9/19/2017 3:35:24 PM,9/19/2017 3:36:24 PM,
px253nvw.bn5,True,27,9/19/2017 3:35:24 PM,9/19/2017 3:35:24 PM,9/19/2017 3:36:24 PM,
n0fcp1jx.jcd,True,28,9/19/2017 3:35:24 PM,9/19/2017 3:35:24 PM,9/19/2017 3:36:24 PM,
ao1qszt2.k4g,True,29,9/19/2017 3:35:24 PM,9/19/2017 3:35:24 PM,9/19/2017 3:36:24 PM,
ibb0mxvk.fcg,True,30,9/19/2017 3:35:24 PM,9/19/2017 3:35:24 PM,9/19/2017 3:36:24 PM,
earylqu4.ee1,True,31,9/19/2017 3:35:24 PM,9/19/2017 3:35:24 PM,9/19/2017 3:36:24 PM,
t5m05czs.yqx,True,32,9/19/2017 3:35:24 PM,9/19/2017 3:35:24 PM,9/19/2017 3:36:24 PM,
d1ayuhvc.lxu,True,33,9/19/2017 3:35:24 PM,9/19/2017 3:35:24 PM,9/19/2017 3:36:24 PM,
1ymcx2gu.obu,True,34,9/19/2017 3:35:24 PM,9/19/2017 3:35:24 PM,9/19/2017 3:36:24 PM,
1jz1ixq2.of4,True,35,9/19/2017 3:35:24 PM,9/19/2017 3:35:24 PM,9/19/2017 3:36:24 PM,
501fluhx.5pw,True,36,9/19/2017 3:35:24 PM,9/19/2017 3:35:24 PM,9/19/2017 3:36:24 PM,
l31r15rf.ami,True,37,9/19/2017 3:35:24 PM,9/19/2017 3:35:24 PM,9/19/2017 3:36:24 PM,
kphnwvj4.14g,True,38,9/19/2017 3:35:24 PM,9/19/2017 3:35:24 PM,9/19/2017 3:36:24 PM,
f3aou3o5.bjh,True,39,9/19/2017 3:35:24 PM,9/19/2017 3:35:24 PM,9/19/2017 3:36:24 PM,
00wv2zl2.brs,True,40,9/19/2017 3:35:24 PM,9/19/2017 3:35:24 PM,9/19/2017 3:36:24 PM,
qipboqwq.uss,True,41,9/19/2017 3:35:24 PM,9/19/2017 3:35:24 PM,9/19/2017 3:36:24 PM,
zlohq5yx.rp1,True,42,9/19/2017 3:35:24 PM,9/19/2017 3:35:24 PM,9/19/2017 3:36:24 PM,
znyvyr5s.u1h,True,43,9/19/2017 3:35:24 PM,9/19/2017 3:35:24 PM,9/19/2017 3:36:24 PM,
lwhtvrlq.vjp,True,44,9/19/2017 3:35:24 PM,9/19/2017 3:35:24 PM,9/19/2017 3:36:24 PM,
npgajd32.vg5,True,45,9/19/2017 3:35:24 PM,9/19/2017 3:35:24 PM,9/19/2017 3:36:24 PM,
adn5qeat.zbv,True,46,9/19/2017 3:35:24 PM,9/19/2017 3:35:24 PM,9/19/2017 3:36:24 PM,
xrn13trz.dgr,True,47,9/19/2017 3:35:24 PM,9/19/2017 3:35:24 PM,9/19/2017 3:36:24 PM,
5gg4uaqz.qps,True,48,9/19/2017 3:35:24 PM,9/19/2017 3:35:24 PM,9/19/2017 3:36:24 PM,
1jfdmpqm.5z3,True,49,9/19/2017 3:35:24 PM,9/19/2017 3:35:24 PM,9/19/2017 3:36:24 PM,
nn3mkuwl.0xk,True,50,9/19/2017 3:35:24 PM,9/19/2017 3:35:24 PM,9/19/2017 3:36:24 PM,
btxlektf.dba,True,51,9/19/2017 3:35:24 PM,9/19/2017 3:35:24 PM,9/19/2017 3:36:24 PM,
xlujfcr5.be1,True,52,9/19/2017 3:35:24 PM,9/19/2017 3:35:24 PM,9/19/2017 3:36:24 PM,
2f4nm5ny.2m4,True,53,9/19/2017 3:35:24 PM,9/19/2017 3:35:24 PM,9/19/2017 3:36:24 PM,
hwajfxet.ou4,True,54,9/19/2017 3:35:24 PM,9/19/2017 3:35:24 PM,9/19/2017 3:36:24 PM,
qh4znckm.vfv,True,55,9/19/2017 3:35:24 PM,9/19/2017 3:35:24 PM,9/19/2017 3:36:24 PM,
5ay0q0rr.2bh,True,56,9/19/2017 3:35:24 PM,9/19/2017 3:35:24 PM,9/19/2017 3:36:24 PM,
5gq0vdwm.cui,True,57,9/19/2017 3:35:24 PM,9/19/2017 3:35:24 PM,9/19/2017 3:36:24 PM,
ucs1sa5h.wdj,True,58,9/19/2017 3:35:24 PM,9/19/2017 3:35:24 PM,9/19/2017 3:36:24 PM,
3rqvwam5.luf,True,59,9/19/2017 3:35:24 PM,9/19/2017 3:35:24 PM,9/19/2017 3:36:24 PM,
5mx3hrk3.3ks,True,60,9/19/2017 3:35:24 PM,9/19/2017 3:35:24 PM,9/19/2017 3:36:24 PM,
kn3jsfc3.a1w,True,61,9/19/2017 3:35:24 PM,9/19/2017 3:35:24 PM,9/19/2017 3:36:24 PM,
1k3zxavv.vh2,True,62,9/19/2017 3:35:24 PM,9/19/2017 3:35:24 PM,9/19/2017 3:36:24 PM,
smyudytt.qa5,True,63,9/19/2017 3:35:24 PM,9/19/2017 3:35:24 PM,9/19/2017 3:36:24 PM,
d0lttwtx.wvt,True,64,9/19/2017 3:35:24 PM,9/19/2017 3:35:24 PM,9/19/2017 3:36:24 PM,
kurdg0dc.nzp,True,65,9/19/2017 3:35:24 PM,9/19/2017 3:35:24 PM,9/19/2017 3:36:24 PM,
gncfq2ip.sli,True,66,9/19/2017 3:35:24 PM,9/19/2017 3:35:24 PM,9/19/2017 3:36:24 PM,
ymrf4i2t.r0e,True,67,9/19/2017 3:35:24 PM,9/19/2017 3:35:24 PM,9/19/2017 3:36:24 PM,
psrvv3k2.m1y,True,68,9/19/2017 3:35:24 PM,9/19/2017 3:35:24 PM,9/19/2017 3:36:24 PM,
y05izdoz.zj0,True,69,9/19/2017 3:35:24 PM,9/19/2017 3:35:24 PM,9/19/2017 3:36:24 PM,
0qi24umk.sjv,True,70,9/19/2017 3:35:24 PM,9/19/2017 3:35:24 PM,9/19/2017 3:36:24 PM,
t30gx0dq.jxo,True,71,9/19/2017 3:35:24 PM,9/19/2017 3:35:24 PM,9/19/2017 3:36:24 PM,
lrs55k1o.w0u,True,72,9/19/2017 3:35:24 PM,9/19/2017 3:35:24 PM,9/19/2017 3:36:24 PM,
x0di4ajc.egu,True,73,9/19/2017 3:35:24 PM,9/19/2017 3:35:24 PM,9/19/2017 3:36:24 PM,
ci4yyxdz.50s,True,74,9/19/2017 3:35:24 PM,9/19/2017 3:35:24 PM,9/19/2017 3:36:24 PM,
t3lwok3l.w0k,True,75,9/19/2017 3:35:24 PM,9/19/2017 3:35:24 PM,9/19/2017 3:36:24 PM,
bql0e5jw.x0l,True,76,9/19/2017 3:35:24 PM,9/19/2017 3:35:24 PM,9/19/2017 3:36:24 PM,
sq1bq43d.0mq,True,77,9/19/2017 3:35:24 PM,9/19/2017 3:35:24 PM,9/19/2017 3:36:24 PM,
n1v0znmv.plb,True,78,9/19/2017 3:35:24 PM,9/19/2017 3:35:24 PM,9/19/2017 3:36:24 PM,
efmv3f11.nkv,True,79,9/19/2017 3:35:24 PM,9/19/2017 3:35:24 PM,9/19/2017 3:36:24 PM,
k0m3d5g1.udy,True,80,9/19/2017 3:35:24 PM,9/19/2017 3:35:24 PM,9/19/2017 3:36:24 PM,
darwwptj.u0g,True,81,9/19/2017 3:35:24 PM,9/19/2017 3:35:24 PM,9/19/2017 3:36:24 PM,
ounnvn0g.ecv,True,82,9/19/2017 3:35:24 PM,9/19/2017 3:35:24 PM,9/19/2017 3:36:24 PM,
tydzckbc.0fi,True,83,9/19/2017 3:35:24 PM,9/19/2017 3:35:24 PM,9/19/2017 3:36:24 PM,
n2tutfpw.ypt,True,84,9/19/2017 3:35:24 PM,9/19/2017 3:35:24 PM,9/19/2017 3:36:24 PM,
nkvtom4u.ebl,True,85,9/19/2017 3:35:24 PM,9/19/2017 3:35:24 PM,9/19/2017 3:36:24 PM,
fvkj55yq.mjx,True,86,9/19/2017 3:35:24 PM,9/19/2017 3:35:24 PM,9/19/2017 3:36:24 PM,
to1f3zut.jrn,True,87,9/19/2017 3:35:24 PM,9/19/2017 3:35:24 PM,9/19/2017 3:36:24 PM,
5ifpbpfk.rzj,True,88,9/19/2017 3:35:24 PM,9/19/2017 3:35:24 PM,9/19/2017 3:36:24 PM,
11s4lpbj.qj0,True,89,9/19/2017 3:35:24 PM,9/19/2017 3:35:24 PM,9/19/2017 3:36:24 PM,
xwsv1w1w.oay,True,90,9/19/2017 3:35:24 PM,9/19/2017 3:35:24 PM,9/19/2017 3:36:24 PM,
n4s4ddq5.x2d,True,91,9/19/2017 3:35:24 PM,9/19/2017 3:35:24 PM,9/19/2017 3:36:24 PM,
3uap5pab.lqn,True,92,9/19/2017 3:35:24 PM,9/19/2017 3:35:24 PM,9/19/2017 3:36:24 PM,
gvntqqlp.ref,True,93,9/19/2017 3:35:24 PM,9/19/2017 3:35:24 PM,9/19/2017 3:36:24 PM,
rwnni4ty.uwn,True,94,9/19/2017 3:35:24 PM,9/19/2017 3:35:24 PM,9/19/2017 3:36:24 PM,
2xvg4vq0.1k2,True,95,9/19/2017 3:35:24 PM,9/19/2017 3:35:24 PM,9/19/2017 3:36:24 PM,
3d3utfud.mjz,True,96,9/19/2017 3:35:24 PM,9/19/2017 3:35:24 PM,9/19/2017 3:36:24 PM,
gvhtqukl.s3a,True,97,9/19/2017 3:35:24 PM,9/19/2017 3:35:24 PM,9/19/2017 3:36:24 PM,
geejcyhh.jby,True,98,9/19/2017 3:35:24 PM,9/19/2017 3:35:24 PM,9/19/2017 3:36:24 PM,
lsvvedor.vh5,True,99,9/19/2017 3:35:24 PM,9/19/2017 3:35:24 PM,9/19/2017 3:36:24 PM,
xj15xcyp.wwn,True,100,9/19/2017 3:35:24 PM,9/19/2017 3:35:24 PM,9/19/2017 3:36:24 PM,
srotaezq.cu5,True,101,9/19/2017 3:35:24 PM,9/19/2017 3:35:24 PM,9/19/2017 3:36:24 PM,
wiznljdl.jqy,True,102,9/19/2017 3:35:24 PM,9/19/2017 3:35:24 PM,9/19/2017 3:36:24 PM,
2ftigriu.vdk,True,103,9/19/2017 3:35:24 PM,9/19/2017 3:35:24 PM,9/19/2017 3:36:24 PM,
nca4ygup.acs,True,104,9/19/2017 3:35:24 PM,9/19/2017 3:35:24 PM,9/19/2017 3:36:24 PM,
zk0re2ar.tri,True,105,9/19/2017 3:35:24 PM,9/19/2017 3:35:24 PM,9/19/2017 3:36:24 PM,
2bk4emqx.r1p,True,106,9/19/2017 3:35:24 PM,9/19/2017 3:35:24 PM,9/19/2017 3:36:24 PM,
y1rjiagu.rod,True,107,9/19/2017 3:35:24 PM,9/19/2017 3:35:24 PM,9/19/2017 3:36:24 PM,
ttrkwbmo.tne,True,108,9/19/2017 3:35:24 PM,9/19/2017 3:35:24 PM,9/19/2017 3:36:24 PM,
u4mpyyvd.ctm,True,109,9/19/2017 3:35:24 PM,9/19/2017 3:35:24 PM,9/19/2017 3:36:24 PM,
0nymiimf.hrj,True,110,9/19/2017 3:35:24 PM,9/19/2017 3:35:24 PM,9/19/2017 3:36:24 PM,
fgq1vv0x.tgb,True,111,9/19/2017 3:35:24 PM,9/19/2017 3:35:24 PM,9/19/2017 3:36:24 PM,
bwtha4ke.gbm,True,112,9/19/2017 3:35:24 PM,9/19/2017 3:35:24 PM,9/19/2017 3:36:24 PM,
rakj0xbx.wmy,True,113,9/19/2017 3:35:24 PM,9/19/2017 3:35:24 PM,9/19/2017 3:36:24 PM,
xogssfle.xgn,True,114,9/19/2017 3:35:24 PM,9/19/2017 3:35:24 PM,9/19/2017 3:36:24 PM,
2zkkllu5.w22,True,115,9/19/2017 3:35:24 PM,9/19/2017 3:35:24 PM,9/19/2017 3:36:24 PM,
woerbmpj.f5x,True,116,9/19/2017 3:35:24 PM,9/19/2017 3:35:24 PM,9/19/2017 3:36:24 PM,
xxdjlxul.p5y,True,117,9/19/2017 3:35:24 PM,9/19/2017 3:35:24 PM,9/19/2017 3:36:24 PM,
5rhgvued.zmf,True,118,9/19/2017 3:35:24 PM,9/19/2017 3:35:24 PM,9/19/2017 3:36:24 PM,
r4ru2f0s.zjp,True,119,9/19/2017 3:35:24 PM,9/19/2017 3:35:24 PM,9/19/2017 3:36:24 PM,
k4slmiup.xkq,True,120,9/19/2017 3:35:24 PM,9/19/2017 3:35:24 PM,9/19/2017 3:36:24 PM,
ujbfmdai.ba1,True,121,9/19/2017 3:35:24 PM,9/19/2017 3:35:24 PM,9/19/2017 3:36:24 PM,
gvfu254r.znt,True,122,9/19/2017 3:35:24 PM,9/19/2017 3:35:24 PM,9/19/2017 3:36:24 PM,
jv2dwvzo.per,True,123,9/19/2017 3:35:24 PM,9/19/2017 3:35:24 PM,9/19/2017 3:36:24 PM,
leaujdrr.oba,True,124,9/19/2017 3:35:24 PM,9/19/2017 3:35:24 PM,9/19/2017 3:36:24 PM,
l2mi2e4p.cr4,True,125,9/19/2017 3:35:24 PM,9/19/2017 3:35:24 PM,9/19/2017 3:36:24 PM,
vtl1iuoc.l1w,True,126,9/19/2017 3:35:24 PM,9/19/2017 3:35:24 PM,9/19/2017 3:36:24 PM,
hoqjtjtx.dsf,True,127,9/19/2017 3:35:24 PM,9/19/2017 3:35:24 PM,9/19/2017 3:36:24 PM,
emncwyik.von,True,128,9/19/2017 3:35:24 PM,9/19/2017 3:35:24 PM,9/19/2017 3:36:24 PM,
uzikyn1i.ve4,True,129,9/19/2017 3:35:24 PM,9/19/2017 3:35:24 PM,9/19/2017 3:36:24 PM,
ddrqahzg.b53,True,130,9/19/2017 3:35:24 PM,9/19/2017 3:35:24 PM,9/19/2017 3:36:24 PM,
dh5y2u3e.y2f,True,131,9/19/2017 3:35:24 PM,9/19/2017 3:35:24 PM,9/19/2017 3:36:24 PM,
1rlmpvxb.j2j,True,132,9/19/2017 3:35:24 PM,9/19/2017 3:35:24 PM,9/19/2017 3:36:24 PM,
fxiw5waf.lwc,True,133,9/19/2017 3:35:24 PM,9/19/2017 3:35:24 PM,9/19/2017 3:36:24 PM,
iorwob1w.iu0,True,134,9/19/2017 3:35:24 PM,9/19/2017 3:35:24 PM,9/19/2017 3:36:24 PM,
i1ohxqzl.bdt,True,135,9/19/2017 3:35:24 PM,9/19/2017 3:35:24 PM,9/19/2017 3:36:24 PM,
2z3fay4o.35b,True,136,9/19/2017 3:35:24 PM,9/19/2017 3:35:24 PM,9/19/2017 3:36:24 PM,
4iwdrmus.2fe,True,137,9/19/2017 3:35:24 PM,9/19/2017 3:35:24 PM,9/19/2017 3:36:24 PM,
j4zr3dst.5ju,True,138,9/19/2017 3:35:24 PM,9/19/2017 3:35:24 PM,9/19/2017 3:36:24 PM,
drg1scmx.3an,True,139,9/19/2017 3:35:24 PM,9/19/2017 3:35:24 PM,9/19/2017 3:36:24 PM,
bwdy5igu.vfg,True,140,9/19/2017 3:35:24 PM,9/19/2017 3:35:24 PM,9/19/2017 3:36:24 PM,
t3vwkh01.d4p,True,141,9/19/2017 3:35:24 PM,9/19/2017 3:35:24 PM,9/19/2017 3:36:24 PM,
tnuyzzw3.1xg,True,142,9/19/2017 3:35:24 PM,9/19/2017 3:35:24 PM,9/19/2017 3:36:24 PM,
acsiblkt.op2,True,143,9/19/2017 3:35:24 PM,9/19/2017 3:35:24 PM,9/19/2017 3:36:24 PM,
uhqxulmh.xwu,True,144,9/19/2017 3:35:24 PM,9/19/2017 3:35:24 PM,9/19/2017 3:36:24 PM,
4svnkhjt.vwg,True,145,9/19/2017 3:35:24 PM,9/19/2017 3:35:24 PM,9/19/2017 3:36:24 PM,
wwzr0mfg.me1,True,146,9/19/2017 3:35:24 PM,9/19/2017 3:35:24 PM,9/19/2017 3:36:24 PM,
3q4dwlpl.rb4,True,147,9/19/2017 3:35:24 PM,9/19/2017 3:35:24 PM,9/19/2017 3:36:24 PM,
5ofxijrm.qqs,True,148,9/19/2017 3:35:24 PM,9/19/2017 3:35:24 PM,9/19/2017 3:36:24 PM,
yyn4s4rd.4nc,True,149,9/19/2017 3:35:24 PM,9/19/2017 3:35:24 PM,9/19/2017 3:36:24 PM,
rm4xnvkx.ixt,True,150,9/19/2017 3:35:24 PM,9/19/2017 3:35:24 PM,9/19/2017 3:36:24 PM,
4pgmxb1g.h1q,True,151,9/19/2017 3:35:24 PM,9/19/2017 3:35:24 PM,9/19/2017 3:36:24 PM,
kmv5r5mx.tz0,True,152,9/19/2017 3:35:24 PM,9/19/2017 3:35:24 PM,9/19/2017 3:36:24 PM,
rg4oubkw.mmk,True,153,9/19/2017 3:35:24 PM,9/19/2017 3:35:24 PM,9/19/2017 3:36:24 PM,
m4cceowq.xlw,True,154,9/19/2017 3:35:24 PM,9/19/2017 3:35:24 PM,9/19/2017 3:36:24 PM,
5rrzuzjx.yg4,True,155,9/19/2017 3:35:24 PM,9/19/2017 3:35:24 PM,9/19/2017 3:36:24 PM,
5dxxe5wv.4vf,True,156,9/19/2017 3:35:24 PM,9/19/2017 3:35:24 PM,9/19/2017 3:36:24 PM,
iiclmk2g.0j4,True,157,9/19/2017 3:35:24 PM,9/19/2017 3:35:24 PM,9/19/2017 3:36:24 PM,
fgdgyezz.ddr,True,158,9/19/2017 3:35:24 PM,9/19/2017 3:35:24 PM,9/19/2017 3:36:24 PM,
klylxkji.uuk,True,159,9/19/2017 3:35:24 PM,9/19/2017 3:35:24 PM,9/19/2017 3:36:24 PM,
snkhcpv2.szv,True,160,9/19/2017 3:35:24 PM,9/19/2017 3:35:24 PM,9/19/2017 3:36:24 PM,
ce15i3ru.py3,True,161,9/19/2017 3:35:24 PM,9/19/2017 3:35:24 PM,9/19/2017 3:36:24 PM,
azg4yunq.dat,True,162,9/19/2017 3:35:24 PM,9/19/2017 3:35:24 PM,9/19/2017 3:36:24 PM,
1zdrfxv3.sir,True,163,9/19/2017 3:35:24 PM,9/19/2017 3:35:24 PM,9/19/2017 3:36:24 PM,
wchbtox3.si5,True,164,9/19/2017 3:35:24 PM,9/19/2017 3:35:24 PM,9/19/2017 3:36:24 PM,
1trb2wxj.hvw,True,165,9/19/2017 3:35:24 PM,9/19/2017 3:35:24 PM,9/19/2017 3:36:24 PM,
eb1mkrtm.gio,True,166,9/19/2017 3:35:24 PM,9/19/2017 3:35:24 PM,9/19/2017 3:36:24 PM,
zxa2umns.oul,True,167,9/19/2017 3:35:24 PM,9/19/2017 3:35:24 PM,9/19/2017 3:36:24 PM,
eof5nmun.nq4,True,168,9/19/2017 3:35:24 PM,9/19/2017 3:35:24 PM,9/19/2017 3:36:24 PM,
bzjboukg.qam,True,169,9/19/2017 3:35:24 PM,9/19/2017 3:35:24 PM,9/19/2017 3:36:24 PM,
ghl1xdw2.gsl,True,170,9/19/2017 3:35:24 PM,9/19/2017 3:35:24 PM,9/19/2017 3:36:24 PM,
ghgnvvbh.gm0,True,171,9/19/2017 3:35:24 PM,9/19/2017 3:35:24 PM,9/19/2017 3:36:24 PM,
0rhatukh.2k0,True,172,9/19/2017 3:35:24 PM,9/19/2017 3:35:24 PM,9/19/2017 3:36:24 PM,
qgno14qx.xsk,True,173,9/19/2017 3:35:24 PM,9/19/2017 3:35:24 PM,9/19/2017 3:36:24 PM,
uem4qbe5.nbi,True,174,9/19/2017 3:35:24 PM,9/19/2017 3:35:24 PM,9/19/2017 3:36:24 PM,
ben3ybju.guq,True,175,9/19/2017 3:35:24 PM,9/19/2017 3:35:24 PM,9/19/2017 3:36:24 PM,
v2yonqf2.i5g,True,176,9/19/2017 3:35:24 PM,9/19/2017 3:35:24 PM,9/19/2017 3:36:24 PM,
vufq4z01.jv4,True,177,9/19/2017 3:35:24 PM,9/19/2017 3:35:24 PM,9/19/2017 3:36:24 PM,
kfwx333i.pl2,True,178,9/19/2017 3:35:24 PM,9/19/2017 3:35:24 PM,9/19/2017 3:36:24 PM,
3uwwin1s.pnu,True,179,9/19/2017 3:35:24 PM,9/19/2017 3:35:24 PM,9/19/2017 3:36:24 PM,
k4mxuoak.qit,True,180,9/19/2017 3:35:24 PM,9/19/2017 3:35:24 PM,9/19/2017 3:36:24 PM,
x0ytngmb.ti1,True,181,9/19/2017 3:35:24 PM,9/19/2017 3:35:24 PM,9/19/2017 3:36:24 PM,
lzwfuail.l5h,True,182,9/19/2017 3:35:24 PM,9/19/2017 3:35:24 PM,9/19/2017 3:36:24 PM,
13lpm3uf.lo4,True,183,9/19/2017 3:35:24 PM,9/19/2017 3:35:24 PM,9/19/2017 3:36:24 PM,
rhv2b1fd.0ni,True,184,9/19/2017 3:35:24 PM,9/19/2017 3:35:24 PM,9/19/2017 3:36:24 PM,
igi5x304.dea,True,185,9/19/2017 3:35:24 PM,9/19/2017 3:35:24 PM,9/19/2017 3:36:24 PM,
ayb1ym2h.m0z,True,186,9/19/2017 3:35:24 PM,9/19/2017 3:35:24 PM,9/19/2017 3:36:24 PM,
pml3wywj.t5m,True,187,9/19/2017 3:35:24 PM,9/19/2017 3:35:24 PM,9/19/2017 3:36:24 PM,
ndg0zyiv.bmw,True,188,9/19/2017 3:35:24 PM,9/19/2017 3:35:24 PM,9/19/2017 3:36:24 PM,
tgtt5dht.mfr,True,189,9/19/2017 3:35:24 PM,9/19/2017 3:35:24 PM,9/19/2017 3:36:24 PM,
c2mjn5v2.rhf,True,190,9/19/2017 3:35:24 PM,9/19/2017 3:35:24 PM,9/19/2017 3:36:24 PM,
ibgqb0qp.ogh,True,191,9/19/2017 3:35:24 PM,9/19/2017 3:35:24 PM,9/19/2017 3:36:24 PM,
eblbplue.lur,True,192,9/19/2017 3:35:24 PM,9/19/2017 3:35:24 PM,9/19/2017 3:36:24 PM,
jrtmuldd.dkf,True,193,9/19/2017 3:35:24 PM,9/19/2017 3:35:24 PM,9/19/2017 3:36:24 PM,
myeeizmx.yog,True,194,9/19/2017 3:35:24 PM,9/19/2017 3:35:24 PM,9/19/2017 3:36:24 PM,
3thmbz3r.xv0,True,195,9/19/2017 3:35:24 PM,9/19/2017 3:35:24 PM,9/19/2017 3:36:24 PM,
pktflcfh.ytu,True,196,9/19/2017 3:35:24 PM,9/19/2017 3:35:24 PM,9/19/2017 3:36:24 PM,
h4jhdvlo.4ss,True,197,9/19/2017 3:35:24 PM,9/19/2017 3:35:24 PM,9/19/2017 3:36:24 PM,
dh5mqdsi.t2g,True,198,9/19/2017 3:35:24 PM,9/19/2017 3:35:24 PM,9/19/2017 3:36:24 PM,
yz1stdav.gf1,True,199,9/19/2017 3:35:24 PM,9/19/2017 3:35:24 PM,9/19/2017 3:36:24 PM,
zjuiraas.vmj,True,200,9/19/2017 3:35:24 PM,9/19/2017 3:35:24 PM,9/19/2017 3:36:24 PM,
e2kw0rfh.r14,True,201,9/19/2017 3:35:24 PM,9/19/2017 3:35:24 PM,9/19/2017 3:36:24 PM,
l1wvv13d.nam,True,202,9/19/2017 3:35:24 PM,9/19/2017 3:35:24 PM,9/19/2017 3:36:24 PM,
wdktuqjd.bkt,True,203,9/19/2017 3:35:24 PM,9/19/2017 3:35:24 PM,9/19/2017 3:36:24 PM,
flg3tdfn.jvn,True,204,9/19/2017 3:35:24 PM,9/19/2017 3:35:24 PM,9/19/2017 3:36:24 PM,
hraxsxph.iu3,True,205,9/19/2017 3:35:24 PM,9/19/2017 3:35:24 PM,9/19/2017 3:36:24 PM,
manyhrzt.y30,True,206,9/19/2017 3:35:24 PM,9/19/2017 3:35:24 PM,9/19/2017 3:36:24 PM,
jhrrdgzq.cxl,True,207,9/19/2017 3:35:24 PM,9/19/2017 3:35:24 PM,9/19/2017 3:36:24 PM,
stmpom1t.5ut,True,208,9/19/2017 3:35:24 PM,9/19/2017 3:35:24 PM,9/19/2017 3:36:24 PM,
5zlw0pdz.5tw,True,209,9/19/2017 3:35:24 PM,9/19/2017 3:35:24 PM,9/19/2017 3:36:24 PM,
qlcqmdm1.3ag,True,210,9/19/2017 3:35:24 PM,9/19/2017 3:35:24 PM,9/19/2017 3:36:24 PM,
my5g0qhr.t5y,True,211,9/19/2017 3:35:24 PM,9/19/2017 3:35:24 PM,9/19/2017 3:36:24 PM,
umfsk2ao.tyw,True,212,9/19/2017 3:35:24 PM,9/19/2017 3:35:24 PM,9/19/2017 3:36:24 PM,
gqngh34t.o2n,True,213,9/19/2017 3:35:24 PM,9/19/2017 3:35:24 PM,9/19/2017 3:36:24 PM,
03xjyi4w.tuv,True,214,9/19/2017 3:35:24 PM,9/19/2017 3:35:24 PM,9/19/2017 3:36:24 PM,
0vsdykg4.qmp,True,215,9/19/2017 3:35:24 PM,9/19/2017 3:35:24 PM,9/19/2017 3:36:24 PM,
edoscbgt.ytt,True,216,9/19/2017 3:35:24 PM,9/19/2017 3:35:24 PM,9/19/2017 3:36:24 PM,
zd0dehp2.oeg,True,217,9/19/2017 3:35:24 PM,9/19/2017 3:35:24 PM,9/19/2017 3:36:24 PM,
nd1e0hdw.zc2,True,218,9/19/2017 3:35:24 PM,9/19/2017 3:35:24 PM,9/19/2017 3:36:24 PM,
u3e5nl0a.45y,True,219,9/19/2017 3:35:24 PM,9/19/2017 3:35:24 PM,9/19/2017 3:36:24 PM,
u5icayka.p2x,True,220,9/19/2017 3:35:24 PM,9/19/2017 3:35:24 PM,9/19/2017 3:36:24 PM,
tkbhfxod.xkx,True,221,9/19/2017 3:35:24 PM,9/19/2017 3:35:24 PM,9/19/2017 3:36:24 PM,
ew1zuik1.2ta,True,222,9/19/2017 3:35:24 PM,9/19/2017 3:35:24 PM,9/19/2017 3:36:24 PM,
wefisztg.z2h,True,223,9/19/2017 3:35:24 PM,9/19/2017 3:35:24 PM,9/19/2017 3:36:24 PM,
ts21dxoo.nms,True,224,9/19/2017 3:35:24 PM,9/19/2017 3:35:24 PM,9/19/2017 3:36:24 PM,
h2ogdc5k.f22,True,225,9/19/2017 3:35:24 PM,9/19/2017 3:35:24 PM,9/19/2017 3:36:24 PM,
ootzfef4.3uj,True,226,9/19/2017 3:35:24 PM,9/19/2017 3:35:24 PM,9/19/2017 3:36:24 PM,
gcxmvdfm.uu0,True,227,9/19/2017 3:35:24 PM,9/19/2017 3:35:24 PM,9/19/2017 3:36:24 PM,
1zbnoope.kfq,True,228,9/19/2017 3:35:24 PM,9/19/2017 3:35:24 PM,9/19/2017 3:36:24 PM,
yveylaeu.ilo,True,229,9/19/2017 3:35:24 PM,9/19/2017 3:35:24 PM,9/19/2017 3:36:24 PM,
edm4g1f4.jid,True,230,9/19/2017 3:35:24 PM,9/19/2017 3:35:24 PM,9/19/2017 3:36:24 PM,
bvfaojjp.bir,True,231,9/19/2017 3:35:24 PM,9/19/2017 3:35:24 PM,9/19/2017 3:36:24 PM,
zi21ijhw.20y,True,232,9/19/2017 3:35:24 PM,9/19/2017 3:35:24 PM,9/19/2017 3:36:24 PM,
dyqfzpbn.lh5,True,233,9/19/2017 3:35:24 PM,9/19/2017 3:35:24 PM,9/19/2017 3:36:24 PM,
saptwxob.euh,True,234,9/19/2017 3:35:24 PM,9/19/2017 3:35:24 PM,9/19/2017 3:36:24 PM,
oinxhbd2.45f,True,235,9/19/2017 3:35:24 PM,9/19/2017 3:35:24 PM,9/19/2017 3:36:24 PM,
dnkonq0t.f1a,True,236,9/19/2017 3:35:24 PM,9/19/2017 3:35:24 PM,9/19/2017 3:36:24 PM,
pfpyulb5.ztf,True,237,9/19/2017 3:35:24 PM,9/19/2017 3:35:24 PM,9/19/2017 3:36:24 PM,
gwvq4g1w.wlr,True,238,9/19/2017 3:35:24 PM,9/19/2017 3:35:24 PM,9/19/2017 3:36:24 PM,
xtqye44p.jwt,True,239,9/19/2017 3:35:24 PM,9/19/2017 3:35:24 PM,9/19/2017 3:36:24 PM,
mxo41rgf.cut,True,240,9/19/2017 3:35:24 PM,9/19/2017 3:35:24 PM,9/19/2017 3:36:24 PM,
4rhylcsm.rz4,True,241,9/19/2017 3:35:24 PM,9/19/2017 3:35:24 PM,9/19/2017 3:36:24 PM,
tckmvuht.muc,True,242,9/19/2017 3:35:24 PM,9/19/2017 3:35:24 PM,9/19/2017 3:36:24 PM,
gxzkv2ed.jhx,True,243,9/19/2017 3:35:24 PM,9/19/2017 3:35:24 PM,9/19/2017 3:36:24 PM,
rttiu2eo.cyj,True,244,9/19/2017 3:35:24 PM,9/19/2017 3:35:24 PM,9/19/2017 3:36:24 PM,
p2tacxbi.2aa,True,245,9/19/2017 3:35:24 PM,9/19/2017 3:35:24 PM,9/19/2017 3:36:24 PM,
zgv4nxva.4gx,True,246,9/19/2017 3:35:24 PM,9/19/2017 3:35:24 PM,9/19/2017 3:36:24 PM,
m24ghzpr.2lj,True,247,9/19/2017 3:35:24 PM,9/19/2017 3:35:24 PM,9/19/2017 3:36:24 PM,
pdfww3lp.svh,True,248,9/19/2017 3:35:24 PM,9/19/2017 3:35:24 PM,9/19/2017 3:36:24 PM,
f5qe2j3u.gqu,True,249,9/19/2017 3:35:24 PM,9/19/2017 3:35:24 PM,9/19/2017 3:36:24 PM,
ojcrcyvv.jgu,True,250,9/19/2017 3:35:24 PM,9/19/2017 3:35:24 PM,9/19/2017 3:36:24 PM,
jgvcfnj1.rmi,True,251,9/19/2017 3:35:24 PM,9/19/2017 3:35:24 PM,9/19/2017 3:36:24 PM,
kvtktqj2.vgq,True,252,9/19/2017 3:35:24 PM,9/19/2017 3:35:24 PM,9/19/2017 3:36:24 PM,
wjiumvdq.4dq,True,253,9/19/2017 3:35:24 PM,9/19/2017 3:35:24 PM,9/19/2017 3:36:24 PM,
vcsqiwf2.xbr,True,254,9/19/2017 3:35:24 PM,9/19/2017 3:35:24 PM,9/19/2017 3:36:24 PM,
areaosds.uzf,True,255,9/19/2017 3:35:24 PM,9/19/2017 3:35:24 PM,9/19/2017 3:36:24 PM,
poa2hwq1.ccq,True,256,9/19/2017 3:35:24 PM,9/19/2017 3:35:24 PM,9/19/2017 3:36:24 PM,
4rhe43ls.1j5,True,257,9/19/2017 3:35:24 PM,9/19/2017 3:35:24 PM,9/19/2017 3:36:24 PM,
hjtrgztc.tq4,True,258,9/19/2017 3:35:24 PM,9/19/2017 3:35:24 PM,9/19/2017 3:36:24 PM,
mqngnmjz.ufj,True,259,9/19/2017 3:35:24 PM,9/19/2017 3:35:24 PM,9/19/2017 3:36:24 PM,
bsj3xkkr.dur,True,260,9/19/2017 3:35:24 PM,9/19/2017 3:35:24 PM,9/19/2017 3:36:24 PM,
2hrbwzlk.25a,True,261,9/19/2017 3:35:24 PM,9/19/2017 3:35:24 PM,9/19/2017 3:36:24 PM,
dlklikhm.3y5,True,262,9/19/2017 3:35:24 PM,9/19/2017 3:35:24 PM,9/19/2017 3:36:24 PM,
drjatpel.0s1,True,263,9/19/2017 3:35:24 PM,9/19/2017 3:35:24 PM,9/19/2017 3:36:24 PM,
dvtyo2ye.zke,True,264,9/19/2017 3:35:24 PM,9/19/2017 3:35:24 PM,9/19/2017 3:36:24 PM,
v41dsff2.432,True,265,9/19/2017 3:35:24 PM,9/19/2017 3:35:24 PM,9/19/2017 3:36:24 PM,
hhuta5g4.zrr,True,266,9/19/2017 3:35:24 PM,9/19/2017 3:35:24 PM,9/19/2017 3:36:24 PM,
eghxl20t.0zq,True,267,9/19/2017 3:35:24 PM,9/19/2017 3:35:24 PM,9/19/2017 3:36:24 PM,
1hbudbyu.uu0,True,268,9/19/2017 3:35:24 PM,9/19/2017 3:35:24 PM,9/19/2017 3:36:24 PM,
lr1pwjfh.21u,True,269,9/19/2017 3:35:24 PM,9/19/2017 3:35:24 PM,9/19/2017 3:36:24 PM,
5mqgpcvm.wai,True,270,9/19/2017 3:35:24 PM,9/19/2017 3:35:24 PM,9/19/2017 3:36:24 PM,
a02rgatq.ur2,True,271,9/19/2017 3:35:24 PM,9/19/2017 3:35:24 PM,9/19/2017 3:36:24 PM,
m0tjjnrl.q1x,True,272,9/19/2017 3:35:24 PM,9/19/2017 3:35:24 PM,9/19/2017 3:36:24 PM,
qwyg5u2i.4px,True,273,9/19/2017 3:35:24 PM,9/19/2017 3:35:24 PM,9/19/2017 3:36:24 PM,
gi1dvexb.5w3,True,274,9/19/2017 3:35:24 PM,9/19/2017 3:35:24 PM,9/19/2017 3:36:24 PM,
ifjgyzhz.yzi,True,275,9/19/2017 3:35:24 PM,9/19/2017 3:35:24 PM,9/19/2017 3:36:24 PM,
iiyokamp.qug,True,276,9/19/2017 3:35:24 PM,9/19/2017 3:35:24 PM,9/19/2017 3:36:24 PM,
ocy4kzwg.rdw,True,277,9/19/2017 3:35:24 PM,9/19/2017 3:35:24 PM,9/19/2017 3:36:24 PM,
1vfdkzgt.pnr,True,278,9/19/2017 3:35:24 PM,9/19/2017 3:35:24 PM,9/19/2017 3:36:24 PM,
yz332ipy.egk,True,279,9/19/2017 3:35:24 PM,9/19/2017 3:35:24 PM,9/19/2017 3:36:24 PM,
b55wcz1h.vjr,True,280,9/19/2017 3:35:24 PM,9/19/2017 3:35:24 PM,9/19/2017 3:36:24 PM,
wcijo1ze.2dl,True,281,9/19/2017 3:35:24 PM,9/19/2017 3:35:24 PM,9/19/2017 3:36:24 PM,
41gxs1zd.mvz,True,282,9/19/2017 3:35:24 PM,9/19/2017 3:35:24 PM,9/19/2017 3:36:24 PM,
xwfodu5e.fzm,True,283,9/19/2017 3:35:24 PM,9/19/2017 3:35:24 PM,9/19/2017 3:36:24 PM,
g1t11vph.jac,True,284,9/19/2017 3:35:24 PM,9/19/2017 3:35:24 PM,9/19/2017 3:36:24 PM,
e1yd4arp.qqa,True,285,9/19/2017 3:35:24 PM,9/19/2017 3:35:24 PM,9/19/2017 3:36:24 PM,
13zsoeua.f3u,True,286,9/19/2017 3:35:24 PM,9/19/2017 3:35:24 PM,9/19/2017 3:36:24 PM,
iq22ygpm.zgq,True,287,9/19/2017 3:35:24 PM,9/19/2017 3:35:24 PM,9/19/2017 3:36:24 PM,
pzubebqg.ryb,True,288,9/19/2017 3:35:24 PM,9/19/2017 3:35:24 PM,9/19/2017 3:36:24 PM,
stpx5fxx.mbq,True,289,9/19/2017 3:35:24 PM,9/19/2017 3:35:24 PM,9/19/2017 3:36:24 PM,
1sy55hf5.ryg,True,290,9/19/2017 3:35:24 PM,9/19/2017 3:35:24 PM,9/19/2017 3:36:24 PM,
qkk2h4st.1vp,True,291,9/19/2017 3:35:24 PM,9/19/2017 3:35:24 PM,9/19/2017 3:36:24 PM,
crsx5rlp.arr,True,292,9/19/2017 3:35:24 PM,9/19/2017 3:35:24 PM,9/19/2017 3:36:24 PM,
01fjv3ay.rug,True,293,9/19/2017 3:35:24 PM,9/19/2017 3:35:24 PM,9/19/2017 3:36:24 PM,
qh50mdek.0kg,True,294,9/19/2017 3:35:24 PM,9/19/2017 3:35:24 PM,9/19/2017 3:36:24 PM,
sixjdp0k.ij2,True,295,9/19/2017 3:35:24 PM,9/19/2017 3:35:24 PM,9/19/2017 3:36:24 PM,
vqh0rbc3.dcf,True,296,9/19/2017 3:35:24 PM,9/19/2017 3:35:24 PM,9/19/2017 3:36:24 PM,
rk0q5hx5.3nc,True,297,9/19/2017 3:35:24 PM,9/19/2017 3:35:24 PM,9/19/2017 3:36:24 PM,
tkpfcf5v.c5o,True,298,9/19/2017 3:35:24 PM,9/19/2017 3:35:24 PM,9/19/2017 3:36:24 PM,
5kzpfbko.nco,True,299,9/19/2017 3:35:24 PM,9/19/2017 3:35:24 PM,9/19/2017 3:36:24 PM,
kohzpjte.mjg,True,300,9/19/2017 3:35:24 PM,9/19/2017 3:35:24 PM,9/19/2017 3:36:24 PM,
vkwhwhgd.v2b,True,301,9/19/2017 3:35:24 PM,9/19/2017 3:35:24 PM,9/19/2017 3:36:24 PM,
rztmbl2h.nnu,True,302,9/19/2017 3:35:24 PM,9/19/2017 3:35:24 PM,9/19/2017 3:36:24 PM,
2mj3mlqi.sxi,True,303,9/19/2017 3:35:24 PM,9/19/2017 3:35:24 PM,9/19/2017 3:36:24 PM,
mu4dyhz0.hhs,True,304,9/19/2017 3:35:24 PM,9/19/2017 3:35:24 PM,9/19/2017 3:36:24 PM,
dqxooqou.jb1,True,305,9/19/2017 3:35:24 PM,9/19/2017 3:35:24 PM,9/19/2017 3:36:24 PM,
fhzuu1uf.br0,True,306,9/19/2017 3:35:24 PM,9/19/2017 3:35:24 PM,9/19/2017 3:36:24 PM,
2jx0uxba.54f,True,307,9/19/2017 3:35:24 PM,9/19/2017 3:35:24 PM,9/19/2017 3:36:24 PM,
cjwkvnuz.0bg,True,308,9/19/2017 3:35:24 PM,9/19/2017 3:35:24 PM,9/19/2017 3:36:24 PM,
url2ae01.ok4,True,309,9/19/2017 3:35:24 PM,9/19/2017 3:35:24 PM,9/19/2017 3:36:24 PM,
ouc552uw.ogg,True,310,9/19/2017 3:35:24 PM,9/19/2017 3:35:24 PM,9/19/2017 3:36:24 PM,
chflxluf.bjj,True,311,9/19/2017 3:35:24 PM,9/19/2017 3:35:24 PM,9/19/2017 3:36:24 PM,
onfg2yi0.2ra,True,312,9/19/2017 3:35:24 PM,9/19/2017 3:35:24 PM,9/19/2017 3:36:24 PM,
z4mnogi0.fwq,True,313,9/19/2017 3:35:24 PM,9/19/2017 3:35:24 PM,9/19/2017 3:36:24 PM,
fvmzqsp4.fke,True,314,9/19/2017 3:35:24 PM,9/19/2017 3:35:24 PM,9/19/2017 3:36:24 PM,
l5itauoz.vgy,True,315,9/19/2017 3:35:24 PM,9/19/2017 3:35:24 PM,9/19/2017 3:36:24 PM,
x4mlqcoz.vw5,True,316,9/19/2017 3:35:24 PM,9/19/2017 3:35:24 PM,9/19/2017 3:36:24 PM,
embh35hn.pun,True,317,9/19/2017 3:35:24 PM,9/19/2017 3:35:24 PM,9/19/2017 3:36:24 PM,
x1vl5hq1.muv,True,318,9/19/2017 3:35:24 PM,9/19/2017 3:35:24 PM,9/19/2017 3:36:24 PM,
bsk0yhni.utl,True,319,9/19/2017 3:35:24 PM,9/19/2017 3:35:24 PM,9/19/2017 3:36:24 PM,
gwz3myjq.2dh,True,320,9/19/2017 3:35:24 PM,9/19/2017 3:35:24 PM,9/19/2017 3:36:24 PM,
2ovnv4a4.glo,True,321,9/19/2017 3:35:24 PM,9/19/2017 3:35:24 PM,9/19/2017 3:36:24 PM,
fz1hjz4t.cew,True,322,9/19/2017 3:35:24 PM,9/19/2017 3:35:24 PM,9/19/2017 3:36:24 PM,
sr53akze.ud4,True,323,9/19/2017 3:35:24 PM,9/19/2017 3:35:24 PM,9/19/2017 3:36:24 PM,
f02ywnf3.aiz,True,324,9/19/2017 3:35:24 PM,9/19/2017 3:35:24 PM,9/19/2017 3:36:24 PM,
bgjq12t2.tjs,True,325,9/19/2017 3:35:24 PM,9/19/2017 3:35:24 PM,9/19/2017 3:36:24 PM,
hb00dgkb.11t,True,326,9/19/2017 3:35:24 PM,9/19/2017 3:35:24 PM,9/19/2017 3:36:24 PM,
g0eutobc.wli,True,327,9/19/2017 3:35:24 PM,9/19/2017 3:35:24 PM,9/19/2017 3:36:24 PM,
medoqksi.lh0,True,328,9/19/2017 3:35:24 PM,9/19/2017 3:35:24 PM,9/19/2017 3:36:24 PM,
tovuxujn.r12,True,329,9/19/2017 3:35:24 PM,9/19/2017 3:35:24 PM,9/19/2017 3:36:24 PM,
lhbcf2p2.ohl,True,330,9/19/2017 3:35:24 PM,9/19/2017 3:35:24 PM,9/19/2017 3:36:24 PM,
4l4jutqb.2ez,True,331,9/19/2017 3:35:24 PM,9/19/2017 3:35:24 PM,9/19/2017 3:36:24 PM,
qgjiffy1.uhx,True,332,9/19/2017 3:35:24 PM,9/19/2017 3:35:24 PM,9/19/2017 3:36:24 PM,
bl2m3bix.t0r,True,333,9/19/2017 3:35:24 PM,9/19/2017 3:35:24 PM,9/19/2017 3:36:24 PM,
r4atfscg.k3r,True,334,9/19/2017 3:35:24 PM,9/19/2017 3:35:24 PM,9/19/2017 3:36:24 PM,
mgq0oams.0s4,True,335,9/19/2017 3:35:24 PM,9/19/2017 3:35:24 PM,9/19/2017 3:36:24 PM,
hpbi1eut.vvh,True,336,9/19/2017 3:35:24 PM,9/19/2017 3:35:24 PM,9/19/2017 3:36:24 PM,
ba13ywv0.w0d,True,337,9/19/2017 3:35:24 PM,9/19/2017 3:35:24 PM,9/19/2017 3:36:24 PM,
dpu0ro5v.2mh,True,338,9/19/2017 3:35:24 PM,9/19/2017 3:35:24 PM,9/19/2017 3:36:24 PM,
rm3ajb25.zsq,True,339,9/19/2017 3:35:24 PM,9/19/2017 3:35:24 PM,9/19/2017 3:36:24 PM,
4nfjkija.amd,True,340,9/19/2017 3:35:24 PM,9/19/2017 3:35:24 PM,9/19/2017 3:36:24 PM,
0bep4wyz.yy2,True,341,9/19/2017 3:35:24 PM,9/19/2017 3:35:24 PM,9/19/2017 3:36:24 PM,
rm0fdgyp.dsm,True,342,9/19/2017 3:35:24 PM,9/19/2017 3:35:24 PM,9/19/2017 3:36:24 PM,
yqibdggk.ue5,True,343,9/19/2017 3:35:24 PM,9/19/2017 3:35:24 PM,9/19/2017 3:36:24 PM,
b0xv2oyc.2qx,True,344,9/19/2017 3:35:24 PM,9/19/2017 3:35:24 PM,9/19/2017 3:36:24 PM,
jmz500ss.nty,True,345,9/19/2017 3:35:24 PM,9/19/2017 3:35:24 PM,9/19/2017 3:36:24 PM,
quqxea0s.zjq,True,346,9/19/2017 3:35:24 PM,9/19/2017 3:35:24 PM,9/19/2017 3:36:24 PM,
vbnou5py.wyr,True,347,9/19/2017 3:35:24 PM,9/19/2017 3:35:24 PM,9/19/2017 3:36:24 PM,
gs1d1dhd.2ff,True,348,9/19/2017 3:35:24 PM,9/19/2017 3:35:24 PM,9/19/2017 3:36:24 PM,
4rbwsadk.jke,True,349,9/19/2017 3:35:24 PM,9/19/2017 3:35:24 PM,9/19/2017 3:36:24 PM,
gw4e2ppz.pob,True,350,9/19/2017 3:35:24 PM,9/19/2017 3:35:24 PM,9/19/2017 3:36:24 PM,
wnpxmztg.y0z,True,351,9/19/2017 3:35:24 PM,9/19/2017 3:35:24 PM,9/19/2017 3:36:24 PM,
vrkfqmjb.wjm,True,352,9/19/2017 3:35:24 PM,9/19/2017 3:35:24 PM,9/19/2017 3:36:24 PM,
qvipfp5y.g4e,True,353,9/19/2017 3:35:24 PM,9/19/2017 3:35:24 PM,9/19/2017 3:36:24 PM,
ar3ytbxx.s53,True,354,9/19/2017 3:35:24 PM,9/19/2017 3:35:24 PM,9/19/2017 3:36:24 PM,
rpucja1g.f4s,True,355,9/19/2017 3:35:24 PM,9/19/2017 3:35:24 PM,9/19/2017 3:36:24 PM,
pyprryfa.chm,True,356,9/19/2017 3:35:24 PM,9/19/2017 3:35:24 PM,9/19/2017 3:36:24 PM,
gv0dshan.okk,True,357,9/19/2017 3:35:24 PM,9/19/2017 3:35:24 PM,9/19/2017 3:36:24 PM,
snexjeks.2ol,True,358,9/19/2017 3:35:24 PM,9/19/2017 3:35:24 PM,9/19/2017 3:36:24 PM,
fwghd50p.rld,True,359,9/19/2017 3:35:24 PM,9/19/2017 3:35:24 PM,9/19/2017 3:36:24 PM,
crrlyl4g.gri,True,360,9/19/2017 3:35:24 PM,9/19/2017 3:35:24 PM,9/19/2017 3:36:24 PM,
lykfyojx.cyc,True,361,9/19/2017 3:35:24 PM,9/19/2017 3:35:24 PM,9/19/2017 3:36:24 PM,
ukgtqvmq.cbf,True,362,9/19/2017 3:35:24 PM,9/19/2017 3:35:24 PM,9/19/2017 3:36:24 PM,
3ae4feyr.5e2,True,363,9/19/2017 3:35:24 PM,9/19/2017 3:35:24 PM,9/19/2017 3:36:24 PM,
0ccm4aw3.vkb,True,364,9/19/2017 3:35:24 PM,9/19/2017 3:35:24 PM,9/19/2017 3:36:24 PM,
rrqew3xj.jml,True,365,9/19/2017 3:35:24 PM,9/19/2017 3:35:24 PM,9/19/2017 3:36:24 PM,
ah034dhj.2qg,True,366,9/19/2017 3:35:24 PM,9/19/2017 3:35:24 PM,9/19/2017 3:36:24 PM,
yv3ogqof.wy2,True,367,9/19/2017 3:35:24 PM,9/19/2017 3:35:24 PM,9/19/2017 3:36:24 PM,
xxzjdqfm.jth,True,368,9/19/2017 3:35:24 PM,9/19/2017 3:35:24 PM,9/19/2017 3:36:24 PM,
a0nbmxhj.133,True,369,9/19/2017 3:35:24 PM,9/19/2017 3:35:24 PM,9/19/2017 3:36:24 PM,
cmt2rkwm.ku1,True,370,9/19/2017 3:35:24 PM,9/19/2017 3:35:24 PM,9/19/2017 3:36:24 PM,
pq5u1awi.ond,True,371,9/19/2017 3:35:24 PM,9/19/2017 3:35:24 PM,9/19/2017 3:36:24 PM,
mnnsfyc3.mg3,True,372,9/19/2017 3:35:24 PM,9/19/2017 3:35:24 PM,9/19/2017 3:36:24 PM,
h1awi1bu.hnr,True,373,9/19/2017 3:35:24 PM,9/19/2017 3:35:24 PM,9/19/2017 3:36:24 PM,
cxsygptu.k1a,True,374,9/19/2017 3:35:24 PM,9/19/2017 3:35:24 PM,9/19/2017 3:36:24 PM,
b4o24s0x.3fy,True,375,9/19/2017 3:35:24 PM,9/19/2017 3:35:24 PM,9/19/2017 3:36:24 PM,
xxyc00ch.0ty,True,376,9/19/2017 3:35:24 PM,9/19/2017 3:35:24 PM,9/19/2017 3:36:24 PM,
owxklhvk.pth,True,377,9/19/2017 3:35:24 PM,9/19/2017 3:35:24 PM,9/19/2017 3:36:24 PM,
1zfm2oxv.mym,True,378,9/19/2017 3:35:24 PM,9/19/2017 3:35:24 PM,9/19/2017 3:36:24 PM,
n0jzbb0q.ufo,True,379,9/19/2017 3:35:24 PM,9/19/2017 3:35:24 PM,9/19/2017 3:36:24 PM,
f3jt5t2k.5on,True,380,9/19/2017 3:35:24 PM,9/19/2017 3:35:24 PM,9/19/2017 3:36:24 PM,
xjys4cso.eks,True,381,9/19/2017 3:35:24 PM,9/19/2017 3:35:24 PM,9/19/2017 3:36:24 PM,
2drk3t3j.pme,True,382,9/19/2017 3:35:24 PM,9/19/2017 3:35:24 PM,9/19/2017 3:36:24 PM,
kj4fog2c.3ti,True,383,9/19/2017 3:35:24 PM,9/19/2017 3:35:24 PM,9/19/2017 3:36:24 PM,
ykw2iym2.upr,True,384,9/19/2017 3:35:24 PM,9/19/2017 3:35:24 PM,9/19/2017 3:36:24 PM,
frkflxb0.2it,True,385,9/19/2017 3:35:24 PM,9/19/2017 3:35:24 PM,9/19/2017 3:36:24 PM,
mzzxwtkb.jjb,True,386,9/19/2017 3:35:24 PM,9/19/2017 3:35:24 PM,9/19/2017 3:36:24 PM,
cnajratc.cke,True,387,9/19/2017 3:35:24 PM,9/19/2017 3:35:24 PM,9/19/2017 3:36:24 PM,
jl3grfsp.ust,True,388,9/19/2017 3:35:24 PM,9/19/2017 3:35:24 PM,9/19/2017 3:36:24 PM,
5jb0g43t.lyh,True,389,9/19/2017 3:35:24 PM,9/19/2017 3:35:24 PM,9/19/2017 3:36:24 PM,
2cu2yh2l.3tv,True,390,9/19/2017 3:35:24 PM,9/19/2017 3:35:24 PM,9/19/2017 3:36:24 PM,
my3zrrfb.dyf,True,391,9/19/2017 3:35:24 PM,9/19/2017 3:35:24 PM,9/19/2017 3:36:24 PM,
nhmfamwm.1ll,True,392,9/19/2017 3:35:24 PM,9/19/2017 3:35:24 PM,9/19/2017 3:36:24 PM,
aclzc2bn.kiq,True,393,9/19/2017 3:35:24 PM,9/19/2017 3:35:24 PM,9/19/2017 3:36:24 PM,
wslesjrw.jky,True,394,9/19/2017 3:35:24 PM,9/19/2017 3:35:24 PM,9/19/2017 3:36:24 PM,
avugqypy.5fs,True,395,9/19/2017 3:35:24 PM,9/19/2017 3:35:24 PM,9/19/2017 3:36:24 PM,
33kmb2on.byu,True,396,9/19/2017 3:35:24 PM,9/19/2017 3:35:24 PM,9/19/2017 3:36:24 PM,
d5zsqowa.qnn,True,397,9/19/2017 3:35:24 PM,9/19/2017 3:35:24 PM,9/19/2017 3:36:24 PM,
soia3qzk.k1q,True,398,9/19/2017 3:35:24 PM,9/19/2017 3:35:24 PM,9/19/2017 3:36:24 PM,
lsmwqnau.qlj,True,399,9/19/2017 3:35:24 PM,9/19/2017 3:35:24 PM,9/19/2017 3:36:24 PM,
qucm1b1i.0b0,True,400,9/19/2017 3:35:24 PM,9/19/2017 3:35:24 PM,9/19/2017 3:36:24 PM,
aupml1fz.pw5,True,401,9/19/2017 3:35:24 PM,9/19/2017 3:35:24 PM,9/19/2017 3:36:24 PM,
os1lc5df.kie,True,402,9/19/2017 3:35:24 PM,9/19/2017 3:35:24 PM,9/19/2017 3:36:24 PM,
w55q4e4u.nat,True,403,9/19/2017 3:35:24 PM,9/19/2017 3:35:24 PM,9/19/2017 3:36:24 PM,
j4hqu2qi.gop,True,404,9/19/2017 3:35:24 PM,9/19/2017 3:35:24 PM,9/19/2017 3:36:24 PM,
x2tlvzul.a2r,True,405,9/19/2017 3:35:24 PM,9/19/2017 3:35:24 PM,9/19/2017 3:36:24 PM,
kvl5g2mh.ehl,True,406,9/19/2017 3:35:24 PM,9/19/2017 3:35:24 PM,9/19/2017 3:36:24 PM,
hhf1fqq1.ue1,True,407,9/19/2017 3:35:24 PM,9/19/2017 3:35:24 PM,9/19/2017 3:36:24 PM,
lny1ypug.kt3,True,408,9/19/2017 3:35:24 PM,9/19/2017 3:35:24 PM,9/19/2017 3:36:24 PM,
tq1x05kt.cjq,True,409,9/19/2017 3:35:24 PM,9/19/2017 3:35:24 PM,9/19/2017 3:36:24 PM,
4e2otrtl.qt4,True,410,9/19/2017 3:35:24 PM,9/19/2017 3:35:24 PM,9/19/2017 3:36:24 PM,
q0w4weca.iy1,True,411,9/19/2017 3:35:24 PM,9/19/2017 3:35:24 PM,9/19/2017 3:36:24 PM,
g2wvxxul.t0o,True,412,9/19/2017 3:35:24 PM,9/19/2017 3:35:24 PM,9/19/2017 3:36:24 PM,
b5w5011j.bws,True,413,9/19/2017 3:35:24 PM,9/19/2017 3:35:24 PM,9/19/2017 3:36:24 PM,
szfghdic.1lf,True,414,9/19/2017 3:35:24 PM,9/19/2017 3:35:24 PM,9/19/2017 3:36:24 PM,
cjrq2ln5.pif,True,415,9/19/2017 3:35:24 PM,9/19/2017 3:35:24 PM,9/19/2017 3:36:24 PM,
iw1ivgdq.0id,True,416,9/19/2017 3:35:24 PM,9/19/2017 3:35:24 PM,9/19/2017 3:36:24 PM,
ocspq30y.ofp,True,417,9/19/2017 3:35:24 PM,9/19/2017 3:35:24 PM,9/19/2017 3:36:24 PM,
qvewpyov.g4e,True,418,9/19/2017 3:35:24 PM,9/19/2017 3:35:24 PM,9/19/2017 3:36:24 PM,
sm1nrqrh.vc0,True,419,9/19/2017 3:35:24 PM,9/19/2017 3:35:24 PM,9/19/2017 3:36:24 PM,
5rr1fj1v.spw,True,420,9/19/2017 3:35:24 PM,9/19/2017 3:35:24 PM,9/19/2017 3:36:24 PM,
lwgcclnr.skl,True,421,9/19/2017 3:35:24 PM,9/19/2017 3:35:24 PM,9/19/2017 3:36:24 PM,
clwze3b1.2py,True,422,9/19/2017 3:35:24 PM,9/19/2017 3:35:24 PM,9/19/2017 3:36:24 PM,
foozz0on.cjj,True,423,9/19/2017 3:35:24 PM,9/19/2017 3:35:24 PM,9/19/2017 3:36:24 PM,
rtv0ryfx.rcr,True,424,9/19/2017 3:35:24 PM,9/19/2017 3:35:24 PM,9/19/2017 3:36:24 PM,
yudsyu4o.oxj,True,425,9/19/2017 3:35:24 PM,9/19/2017 3:35:24 PM,9/19/2017 3:36:24 PM,
fazanymf.q1j,True,426,9/19/2017 3:35:24 PM,9/19/2017 3:35:24 PM,9/19/2017 3:36:24 PM,
mvk3dddq.k0m,True,427,9/19/2017 3:35:24 PM,9/19/2017 3:35:24 PM,9/19/2017 3:36:24 PM,
nt2ukb53.s2j,True,428,9/19/2017 3:35:24 PM,9/19/2017 3:35:24 PM,9/19/2017 3:36:24 PM,
lbrjpx51.nsw,True,429,9/19/2017 3:35:24 PM,9/19/2017 3:35:24 PM,9/19/2017 3:36:24 PM,
grswu33r.raa,True,430,9/19/2017 3:35:24 PM,9/19/2017 3:35:24 PM,9/19/2017 3:36:24 PM,
ok5ersns.zb5,True,431,9/19/2017 3:35:24 PM,9/19/2017 3:35:24 PM,9/19/2017 3:36:24 PM,
wfoi20zy.uq0,True,432,9/19/2017 3:35:24 PM,9/19/2017 3:35:24 PM,9/19/2017 3:36:24 PM,
f30w0x43.syn,True,433,9/19/2017 3:35:24 PM,9/19/2017 3:35:24 PM,9/19/2017 3:36:24 PM,
vdwvr5ed.zth,True,434,9/19/2017 3:35:24 PM,9/19/2017 3:35:24 PM,9/19/2017 3:36:24 PM,
exnkhsxw.p5w,True,435,9/19/2017 3:35:24 PM,9/19/2017 3:35:24 PM,9/19/2017 3:36:24 PM,
y3ooi2yc.4q0,True,436,9/19/2017 3:35:24 PM,9/19/2017 3:35:24 PM,9/19/2017 3:36:24 PM,
otby4kue.csd,True,437,9/19/2017 3:35:24 PM,9/19/2017 3:35:24 PM,9/19/2017 3:36:24 PM,
2drdqrqw.i5c,True,438,9/19/2017 3:35:24 PM,9/19/2017 3:35:24 PM,9/19/2017 3:36:24 PM,
oljrklqo.4ft,True,439,9/19/2017 3:35:24 PM,9/19/2017 3:35:24 PM,9/19/2017 3:36:24 PM,
wblscm1v.hdo,True,440,9/19/2017 3:35:24 PM,9/19/2017 3:35:24 PM,9/19/2017 3:36:24 PM,
bv35zlb0.uuo,True,441,9/19/2017 3:35:24 PM,9/19/2017 3:35:24 PM,9/19/2017 3:36:24 PM,
n1xfseuj.icu,True,442,9/19/2017 3:35:24 PM,9/19/2017 3:35:24 PM,9/19/2017 3:36:24 PM,
fjzpwjii.ey1,True,443,9/19/2017 3:35:24 PM,9/19/2017 3:35:24 PM,9/19/2017 3:36:24 PM,
2rv11ig0.lnd,True,444,9/19/2017 3:35:24 PM,9/19/2017 3:35:24 PM,9/19/2017 3:36:24 PM,
vrhbqjzx.wp5,True,445,9/19/2017 3:35:24 PM,9/19/2017 3:35:24 PM,9/19/2017 3:36:24 PM,
nbqrfuwz.qri,True,446,9/19/2017 3:35:24 PM,9/19/2017 3:35:24 PM,9/19/2017 3:36:24 PM,
btbiikqg.sdk,True,447,9/19/2017 3:35:24 PM,9/19/2017 3:35:24 PM,9/19/2017 3:36:24 PM,
plqhmhha.btl,True,448,9/19/2017 3:35:24 PM,9/19/2017 3:35:24 PM,9/19/2017 3:36:24 PM,
00tp100w.bm0,True,449,9/19/2017 3:35:24 PM,9/19/2017 3:35:24 PM,9/19/2017 3:36:24 PM,
rhhtcq3x.c1t,True,450,9/19/2017 3:35:24 PM,9/19/2017 3:35:24 PM,9/19/2017 3:36:24 PM,
g5mtgy3f.cst,True,451,9/19/2017 3:35:24 PM,9/19/2017 3:35:24 PM,9/19/2017 3:36:24 PM,
nccawzaf.0j1,True,452,9/19/2017 3:35:24 PM,9/19/2017 3:35:24 PM,9/19/2017 3:36:24 PM,
xg5lpr2n.ukk,True,453,9/19/2017 3:35:24 PM,9/19/2017 3:35:24 PM,9/19/2017 3:36:24 PM,
ekwscdr1.zna,True,454,9/19/2017 3:35:24 PM,9/19/2017 3:35:24 PM,9/19/2017 3:36:24 PM,
3oatttto.4la,True,455,9/19/2017 3:35:24 PM,9/19/2017 3:35:24 PM,9/19/2017 3:36:24 PM,
qktpqqhi.inz,True,456,9/19/2017 3:35:24 PM,9/19/2017 3:35:24 PM,9/19/2017 3:36:24 PM,
beyuiejj.qqo,True,457,9/19/2017 3:35:24 PM,9/19/2017 3:35:24 PM,9/19/2017 3:36:24 PM,
vsn0f2p0.bvt,True,458,9/19/2017 3:35:24 PM,9/19/2017 3:35:24 PM,9/19/2017 3:36:24 PM,
x3wydknf.z0o,True,459,9/19/2017 3:35:24 PM,9/19/2017 3:35:24 PM,9/19/2017 3:36:24 PM,
lpecrud0.dzm,True,460,9/19/2017 3:35:24 PM,9/19/2017 3:35:24 PM,9/19/2017 3:36:24 PM,
msgrke0d.3o1,True,461,9/19/2017 3:35:24 PM,9/19/2017 3:35:24 PM,9/19/2017 3:36:24 PM,
2hl1v0ba.wlm,True,462,9/19/2017 3:35:24 PM,9/19/2017 3:35:24 PM,9/19/2017 3:36:24 PM,
xo0ipvfq.to0,True,463,9/19/2017 3:35:24 PM,9/19/2017 3:35:24 PM,9/19/2017 3:36:24 PM,
rl00y3do.kdt,True,464,9/19/2017 3:35:24 PM,9/19/2017 3:35:24 PM,9/19/2017 3:36:24 PM,
muqq0y2z.huh,True,465,9/19/2017 3:35:24 PM,9/19/2017 3:35:24 PM,9/19/2017 3:36:24 PM,
rhkbqx0i.4si,True,466,9/19/2017 3:35:24 PM,9/19/2017 3:35:24 PM,9/19/2017 3:36:24 PM,
zcfglsjt.spg,True,467,9/19/2017 3:35:24 PM,9/19/2017 3:35:24 PM,9/19/2017 3:36:24 PM,
y3ra0zof.uid,True,468,9/19/2017 3:35:24 PM,9/19/2017 3:35:24 PM,9/19/2017 3:36:24 PM,
lfiriw4r.3oq,True,469,9/19/2017 3:35:24 PM,9/19/2017 3:35:24 PM,9/19/2017 3:36:24 PM,
aoxmgfeu.m2v,True,470,9/19/2017 3:35:24 PM,9/19/2017 3:35:24 PM,9/19/2017 3:36:24 PM,
dgtqmzlo.2de,True,471,9/19/2017 3:35:24 PM,9/19/2017 3:35:24 PM,9/19/2017 3:36:24 PM,
40jzj4b0.etb,True,472,9/19/2017 3:35:24 PM,9/19/2017 3:35:24 PM,9/19/2017 3:36:24 PM,
1nteqmfl.hia,True,473,9/19/2017 3:35:24 PM,9/19/2017 3:35:24 PM,9/19/2017 3:36:24 PM,
2la4itsh.az5,True,474,9/19/2017 3:35:24 PM,9/19/2017 3:35:24 PM,9/19/2017 3:36:24 PM,
tuerc1tp.tq0,True,475,9/19/2017 3:35:24 PM,9/19/2017 3:35:24 PM,9/19/2017 3:36:24 PM,
wvf5spex.53u,True,476,9/19/2017 3:35:24 PM,9/19/2017 3:35:24 PM,9/19/2017 3:36:24 PM,
se1a4aqo.o3r,True,477,9/19/2017 3:35:24 PM,9/19/2017 3:35:24 PM,9/19/2017 3:36:24 PM,
hayhg1e5.od1,True,478,9/19/2017 3:35:24 PM,9/19/2017 3:35:24 PM,9/19/2017 3:36:24 PM,
elbiwlsq.mff,True,479,9/19/2017 3:35:24 PM,9/19/2017 3:35:24 PM,9/19/2017 3:36:24 PM,
bkjo0tp1.zj0,True,480,9/19/2017 3:35:24 PM,9/19/2017 3:35:24 PM,9/19/2017 3:36:24 PM,
0ugb1btq.rmq,True,481,9/19/2017 3:35:24 PM,9/19/2017 3:35:24 PM,9/19/2017 3:36:24 PM,
trga0esi.jkt,True,482,9/19/2017 3:35:24 PM,9/19/2017 3:35:24 PM,9/19/2017 3:36:24 PM,
3ttrzvzl.0is,True,483,9/19/2017 3:35:24 PM,9/19/2017 3:35:24 PM,9/19/2017 3:36:24 PM,
jxhxrmn1.jdq,True,484,9/19/2017 3:35:24 PM,9/19/2017 3:35:24 PM,9/19/2017 3:36:24 PM,
lg0gnhfa.b0m,True,485,9/19/2017 3:35:24 PM,9/19/2017 3:35:24 PM,9/19/2017 3:36:24 PM,
rljxcqgu.owi,True,486,9/19/2017 3:35:24 PM,9/19/2017 3:35:24 PM,9/19/2017 3:36:24 PM,
gfxj5nrd.h5p,True,487,9/19/2017 3:35:24 PM,9/19/2017 3:35:24 PM,9/19/2017 3:36:24 PM,
ebglkwbu.pjh,True,488,9/19/2017 3:35:24 PM,9/19/2017 3:35:24 PM,9/19/2017 3:36:24 PM,
05c1b4nx.zrp,True,489,9/19/2017 3:35:24 PM,9/19/2017 3:35:24 PM,9/19/2017 3:36:24 PM,
dme003zr.5wj,True,490,9/19/2017 3:35:24 PM,9/19/2017 3:35:24 PM,9/19/2017 3:36:24 PM,
zwjtr2da.qar,True,491,9/19/2017 3:35:24 PM,9/19/2017 3:35:24 PM,9/19/2017 3:36:24 PM,
mz5sdl4s.ulq,True,492,9/19/2017 3:35:24 PM,9/19/2017 3:35:24 PM,9/19/2017 3:36:24 PM,
sdpba2vx.m2g,True,493,9/19/2017 3:35:24 PM,9/19/2017 3:35:24 PM,9/19/2017 3:36:24 PM,
0fykuwb4.eau,True,494,9/19/2017 3:35:24 PM,9/19/2017 3:35:24 PM,9/19/2017 3:36:24 PM,
ko55blps.p1c,True,495,9/19/2017 3:35:24 PM,9/19/2017 3:35:24 PM,9/19/2017 3:36:24 PM,
5b4kwijj.d0v,True,496,9/19/2017 3:35:24 PM,9/19/2017 3:35:24 PM,9/19/2017 3:36:24 PM,
0brvl2ic.d5p,True,497,9/19/2017 3:35:24 PM,9/19/2017 3:35:24 PM,9/19/2017 3:36:24 PM,
v0gncey2.dk4,True,498,9/19/2017 3:35:24 PM,9/19/2017 3:35:24 PM,9/19/2017 3:36:24 PM,
xlv1sdh3.zbu,True,499,9/19/2017 3:35:24 PM,9/19/2017 3:35:24 PM,9/19/2017 3:36:24 PM,
flbwfzvg.3nq,True,500,9/19/2017 3:35:24 PM,9/19/2017 3:35:24 PM,9/19/2017 3:36:24 PM,
ezgcfpha.mhl,True,501,9/19/2017 3:35:24 PM,9/19/2017 3:35:24 PM,9/19/2017 3:36:24 PM,
ivj2qqal.u4h,True,502,9/19/2017 3:35:24 PM,9/19/2017 3:35:24 PM,9/19/2017 3:36:24 PM,
pjgimywa.eyh,True,503,9/19/2017 3:35:24 PM,9/19/2017 3:35:24 PM,9/19/2017 3:36:24 PM,
ke2ovblm.mkl,True,504,9/19/2017 3:35:24 PM,9/19/2017 3:35:24 PM,9/19/2017 3:36:24 PM,
dqmefmwu.qpj,True,505,9/19/2017 3:35:24 PM,9/19/2017 3:35:24 PM,9/19/2017 3:36:24 PM,
ug0jrlib.2hk,True,506,9/19/2017 3:35:24 PM,9/19/2017 3:35:24 PM,9/19/2017 3:36:24 PM,
3oreq0cc.p4y,True,507,9/19/2017 3:35:24 PM,9/19/2017 3:35:24 PM,9/19/2017 3:36:24 PM,
uy5xysn3.0jk,True,508,9/19/2017 3:35:24 PM,9/19/2017 3:35:24 PM,9/19/2017 3:36:24 PM,
zt5otj4s.xfp,True,509,9/19/2017 3:35:24 PM,9/19/2017 3:35:24 PM,9/19/2017 3:36:24 PM,
0ageo4hg.4wk,True,510,9/19/2017 3:35:24 PM,9/19/2017 3:35:24 PM,9/19/2017 3:36:24 PM,
2twqs4cw.okv,True,511,9/19/2017 3:35:24 PM,9/19/2017 3:35:24 PM,9/19/2017 3:36:24 PM,
kl2ebzen.eb1,True,512,9/19/2017 3:35:24 PM,9/19/2017 3:35:24 PM,9/19/2017 3:36:24 PM,
0ybxg3ld.ma2,True,513,9/19/2017 3:35:24 PM,9/19/2017 3:35:24 PM,9/19/2017 3:36:24 PM,
e22jiwsa.c3d,True,514,9/19/2017 3:35:24 PM,9/19/2017 3:35:24 PM,9/19/2017 3:36:24 PM,
3k5jnb1o.jkn,True,515,9/19/2017 3:35:24 PM,9/19/2017 3:35:24 PM,9/19/2017 3:36:24 PM,
u0m3eijr.ts3,True,516,9/19/2017 3:35:24 PM,9/19/2017 3:35:24 PM,9/19/2017 3:36:24 PM,
ws2jrfgu.lgx,True,517,9/19/2017 3:35:24 PM,9/19/2017 3:35:24 PM,9/19/2017 3:36:24 PM,
s3sbwum1.cwg,True,518,9/19/2017 3:35:24 PM,9/19/2017 3:35:24 PM,9/19/2017 3:36:24 PM,
wsxkzf10.qty,True,519,9/19/2017 3:35:24 PM,9/19/2017 3:35:24 PM,9/19/2017 3:36:24 PM,
ljjvtgbf.rg5,True,520,9/19/2017 3:35:24 PM,9/19/2017 3:35:24 PM,9/19/2017 3:36:24 PM,
kdn4zn1d.dhv,True,521,9/19/2017 3:35:24 PM,9/19/2017 3:35:24 PM,9/19/2017 3:36:24 PM,
0sbnyate.y1v,True,522,9/19/2017 3:35:24 PM,9/19/2017 3:35:24 PM,9/19/2017 3:36:24 PM,
c3ednsjt.vcp,True,523,9/19/2017 3:35:24 PM,9/19/2017 3:35:24 PM,9/19/2017 3:36:24 PM,
240mvann.qli,True,524,9/19/2017 3:35:24 PM,9/19/2017 3:35:24 PM,9/19/2017 3:36:24 PM,
cgckuqeq.thg,True,525,9/19/2017 3:35:24 PM,9/19/2017 3:35:24 PM,9/19/2017 3:36:24 PM,
cskmdrkf.sob,True,526,9/19/2017 3:35:24 PM,9/19/2017 3:35:24 PM,9/19/2017 3:36:24 PM,
fxmhvtg0.334,True,527,9/19/2017 3:35:24 PM,9/19/2017 3:35:24 PM,9/19/2017 3:36:24 PM,
rer0ynr2.0aw,True,528,9/19/2017 3:35:24 PM,9/19/2017 3:35:24 PM,9/19/2017 3:36:24 PM,
f20wxl4a.ske,True,529,9/19/2017 3:35:24 PM,9/19/2017 3:35:24 PM,9/19/2017 3:36:24 PM,
1wxzwkaw.nki,True,530,9/19/2017 3:35:24 PM,9/19/2017 3:35:24 PM,9/19/2017 3:36:24 PM,
c4izj0xa.0vx,True,531,9/19/2017 3:35:24 PM,9/19/2017 3:35:24 PM,9/19/2017 3:36:24 PM,
4djbt4dr.qwt,True,532,9/19/2017 3:35:24 PM,9/19/2017 3:35:24 PM,9/19/2017 3:36:24 PM,
3dmtsuaa.r2i,True,533,9/19/2017 3:35:24 PM,9/19/2017 3:35:24 PM,9/19/2017 3:36:24 PM,
h4nns2lx.xl5,True,534,9/19/2017 3:35:24 PM,9/19/2017 3:35:24 PM,9/19/2017 3:36:24 PM,
4vjnwm0d.heu,True,535,9/19/2017 3:35:24 PM,9/19/2017 3:35:24 PM,9/19/2017 3:36:24 PM,
soloj4m0.sdb,True,536,9/19/2017 3:35:24 PM,9/19/2017 3:35:24 PM,9/19/2017 3:36:24 PM,
ofop1imq.nfc,True,537,9/19/2017 3:35:24 PM,9/19/2017 3:35:24 PM,9/19/2017 3:36:24 PM,
hfzeqm0v.50f,True,538,9/19/2017 3:35:24 PM,9/19/2017 3:35:24 PM,9/19/2017 3:36:24 PM,
kuktypfe.12r,True,539,9/19/2017 3:35:24 PM,9/19/2017 3:35:24 PM,9/19/2017 3:36:24 PM,
c50dp0h4.ru3,True,540,9/19/2017 3:35:24 PM,9/19/2017 3:35:24 PM,9/19/2017 3:36:24 PM,
5hsoioyz.zob,True,541,9/19/2017 3:35:24 PM,9/19/2017 3:35:24 PM,9/19/2017 3:36:24 PM,
pfhtxzbp.4oq,True,542,9/19/2017 3:35:24 PM,9/19/2017 3:35:24 PM,9/19/2017 3:36:24 PM,
swuavoqr.o3k,True,543,9/19/2017 3:35:24 PM,9/19/2017 3:35:24 PM,9/19/2017 3:36:24 PM,
gqspflb5.plw,True,544,9/19/2017 3:35:24 PM,9/19/2017 3:35:24 PM,9/19/2017 3:36:24 PM,
b1vwruyc.x4b,True,545,9/19/2017 3:35:24 PM,9/19/2017 3:35:24 PM,9/19/2017 3:36:24 PM,
ckwsdj1z.ahb,True,546,9/19/2017 3:35:24 PM,9/19/2017 3:35:24 PM,9/19/2017 3:36:24 PM,
euz3nzxi.e2i,True,547,9/19/2017 3:35:24 PM,9/19/2017 3:35:24 PM,9/19/2017 3:36:24 PM,
ufcmvf5o.pwr,True,548,9/19/2017 3:35:24 PM,9/19/2017 3:35:24 PM,9/19/2017 3:36:24 PM,
ehr5kke3.0tm,True,549,9/19/2017 3:35:24 PM,9/19/2017 3:35:24 PM,9/19/2017 3:36:24 PM,
bx41pff4.3ya,True,550,9/19/2017 3:35:24 PM,9/19/2017 3:35:24 PM,9/19/2017 3:36:24 PM,
15gft0i2.4j3,True,551,9/19/2017 3:35:24 PM,9/19/2017 3:35:24 PM,9/19/2017 3:36:24 PM,
z2vtpfhr.uks,True,552,9/19/2017 3:35:24 PM,9/19/2017 3:35:24 PM,9/19/2017 3:36:24 PM,
1uxjmux1.iys,True,553,9/19/2017 3:35:24 PM,9/19/2017 3:35:24 PM,9/19/2017 3:36:24 PM,
lsw4pqsl.20j,True,554,9/19/2017 3:35:24 PM,9/19/2017 3:35:24 PM,9/19/2017 3:36:24 PM,
izi4vqdl.rm4,True,555,9/19/2017 3:35:24 PM,9/19/2017 3:35:24 PM,9/19/2017 3:36:24 PM,
t3e0vucp.1b1,True,556,9/19/2017 3:35:24 PM,9/19/2017 3:35:24 PM,9/19/2017 3:36:24 PM,
riucmkei.3us,True,557,9/19/2017 3:35:24 PM,9/19/2017 3:35:24 PM,9/19/2017 3:36:24 PM,
kiaipi0o.0rk,True,558,9/19/2017 3:35:24 PM,9/19/2017 3:35:24 PM,9/19/2017 3:36:24 PM,
uhtpmtgj.2za,True,559,9/19/2017 3:35:24 PM,9/19/2017 3:35:24 PM,9/19/2017 3:36:24 PM,
l4zbdme5.b4c,True,560,9/19/2017 3:35:24 PM,9/19/2017 3:35:24 PM,9/19/2017 3:36:24 PM,
b1r4fi3a.5pd,True,561,9/19/2017 3:35:24 PM,9/19/2017 3:35:24 PM,9/19/2017 3:36:24 PM,
frtpntvp.iru,True,562,9/19/2017 3:35:24 PM,9/19/2017 3:35:24 PM,9/19/2017 3:36:24 PM,
43lf2mej.4co,True,563,9/19/2017 3:35:24 PM,9/19/2017 3:35:24 PM,9/19/2017 3:36:24 PM,
keommyth.nvm,True,564,9/19/2017 3:35:24 PM,9/19/2017 3:35:24 PM,9/19/2017 3:36:24 PM,
saaoj2u3.xzs,True,565,9/19/2017 3:35:24 PM,9/19/2017 3:35:24 PM,9/19/2017 3:36:24 PM,
243rlxxr.x5x,True,566,9/19/2017 3:35:24 PM,9/19/2017 3:35:24 PM,9/19/2017 3:36:24 PM,
cswkxbrr.sk5,True,567,9/19/2017 3:35:24 PM,9/19/2017 3:35:24 PM,9/19/2017 3:36:24 PM,
enpw2dp3.4xe,True,568,9/19/2017 3:35:24 PM,9/19/2017 3:35:24 PM,9/19/2017 3:36:24 PM,
ujkcq5tj.fr1,True,569,9/19/2017 3:35:24 PM,9/19/2017 3:35:24 PM,9/19/2017 3:36:24 PM,
btnlyffe.y5q,True,570,9/19/2017 3:35:24 PM,9/19/2017 3:35:24 PM,9/19/2017 3:36:24 PM,
rwzpopll.env,True,571,9/19/2017 3:35:24 PM,9/19/2017 3:35:24 PM,9/19/2017 3:36:24 PM,
vuiednzq.aow,True,572,9/19/2017 3:35:24 PM,9/19/2017 3:35:24 PM,9/19/2017 3:36:24 PM,
qnoqox0b.ksc,True,573,9/19/2017 3:35:24 PM,9/19/2017 3:35:24 PM,9/19/2017 3:36:24 PM,
uhrok3yu.rmb,True,574,9/19/2017 3:35:24 PM,9/19/2017 3:35:24 PM,9/19/2017 3:36:24 PM,
z0ihykfo.x02,True,575,9/19/2017 3:35:24 PM,9/19/2017 3:35:24 PM,9/19/2017 3:36:24 PM,
vemaf4dn.j2f,True,576,9/19/2017 3:35:24 PM,9/19/2017 3:35:24 PM,9/19/2017 3:36:24 PM,
lsem2wog.jzd,True,577,9/19/2017 3:35:24 PM,9/19/2017 3:35:24 PM,9/19/2017 3:36:24 PM,
xrqtn3k4.sn2,True,578,9/19/2017 3:35:24 PM,9/19/2017 3:35:24 PM,9/19/2017 3:36:24 PM,
qke34j3o.rtx,True,579,9/19/2017 3:35:24 PM,9/19/2017 3:35:24 PM,9/19/2017 3:36:24 PM,
fw43yznw.ds5,True,580,9/19/2017 3:35:24 PM,9/19/2017 3:35:24 PM,9/19/2017 3:36:24 PM,
vywnehhs.cxh,True,581,9/19/2017 3:35:24 PM,9/19/2017 3:35:24 PM,9/19/2017 3:36:24 PM,
3vrc0xql.y3t,True,582,9/19/2017 3:35:24 PM,9/19/2017 3:35:24 PM,9/19/2017 3:36:24 PM,
hejl3nl4.5nx,True,583,9/19/2017 3:35:24 PM,9/19/2017 3:35:24 PM,9/19/2017 3:36:24 PM,
vsge1qdf.dv4,True,584,9/19/2017 3:35:24 PM,9/19/2017 3:35:24 PM,9/19/2017 3:36:24 PM,
towrdgvq.f5n,True,585,9/19/2017 3:35:24 PM,9/19/2017 3:35:24 PM,9/19/2017 3:36:24 PM,
rqibud5j.i0p,True,586,9/19/2017 3:35:24 PM,9/19/2017 3:35:24 PM,9/19/2017 3:36:24 PM,
qtriynqe.ptc,True,587,9/19/2017 3:35:24 PM,9/19/2017 3:35:24 PM,9/19/2017 3:36:24 PM,
bcivusqj.mqp,True,588,9/19/2017 3:35:24 PM,9/19/2017 3:35:24 PM,9/19/2017 3:36:24 PM,
tnj2udvj.g0b,True,589,9/19/2017 3:35:24 PM,9/19/2017 3:35:24 PM,9/19/2017 3:36:24 PM,
3vmgiydf.hii,True,590,9/19/2017 3:35:24 PM,9/19/2017 3:35:24 PM,9/19/2017 3:36:24 PM,
r5jwknl2.1v0,True,591,9/19/2017 3:35:24 PM,9/19/2017 3:35:24 PM,9/19/2017 3:36:24 PM,
u1ihvsfw.pnu,True,592,9/19/2017 3:35:24 PM,9/19/2017 3:35:24 PM,9/19/2017 3:36:24 PM,
o3lwafxb.12t,True,593,9/19/2017 3:35:24 PM,9/19/2017 3:35:24 PM,9/19/2017 3:36:24 PM,
0uehpjmk.53h,True,594,9/19/2017 3:35:24 PM,9/19/2017 3:35:24 PM,9/19/2017 3:36:24 PM,
k1kebbmk.p2x,True,595,9/19/2017 3:35:24 PM,9/19/2017 3:35:24 PM,9/19/2017 3:36:24 PM,
jyczvf2p.pf4,True,596,9/19/2017 3:35:24 PM,9/19/2017 3:35:24 PM,9/19/2017 3:36:24 PM,
omoiopii.0vw,True,597,9/19/2017 3:35:24 PM,9/19/2017 3:35:24 PM,9/19/2017 3:36:24 PM,
3d5gtriv.ayx,True,598,9/19/2017 3:35:24 PM,9/19/2017 3:35:24 PM,9/19/2017 3:36:24 PM,
uts0kmrm.3mw,True,599,9/19/2017 3:35:24 PM,9/19/2017 3:35:24 PM,9/19/2017 3:36:24 PM,
qkuevqpm.tfm,True,600,9/19/2017 3:35:24 PM,9/19/2017 3:35:24 PM,9/19/2017 3:36:24 PM,
xclxp4zz.tyv,True,601,9/19/2017 3:35:24 PM,9/19/2017 3:35:24 PM,9/19/2017 3:36:24 PM,
jrnt02vw.ths,True,602,9/19/2017 3:35:24 PM,9/19/2017 3:35:24 PM,9/19/2017 3:36:24 PM,
e5zireyi.1ju,True,603,9/19/2017 3:35:24 PM,9/19/2017 3:35:24 PM,9/19/2017 3:36:24 PM,
4g32atfr.qk3,True,604,9/19/2017 3:35:24 PM,9/19/2017 3:35:24 PM,9/19/2017 3:36:24 PM,
45wclx5b.ex3,True,605,9/19/2017 3:35:24 PM,9/19/2017 3:35:24 PM,9/19/2017 3:36:24 PM,
k4sycvhd.041,True,606,9/19/2017 3:35:24 PM,9/19/2017 3:35:24 PM,9/19/2017 3:36:24 PM,
yglbsac1.qcj,True,607,9/19/2017 3:35:24 PM,9/19/2017 3:35:24 PM,9/19/2017 3:36:24 PM,
24k1tdcz.mex,True,608,9/19/2017 3:35:24 PM,9/19/2017 3:35:24 PM,9/19/2017 3:36:24 PM,
4zhngjww.jrl,True,609,9/19/2017 3:35:24 PM,9/19/2017 3:35:24 PM,9/19/2017 3:36:24 PM,
f40moggv.d1u,True,610,9/19/2017 3:35:24 PM,9/19/2017 3:35:24 PM,9/19/2017 3:36:24 PM,
gmylhjf4.dnw,True,611,9/19/2017 3:35:24 PM,9/19/2017 3:35:24 PM,9/19/2017 3:36:24 PM,
scatanmz.atz,True,612,9/19/2017 3:35:24 PM,9/19/2017 3:35:24 PM,9/19/2017 3:36:24 PM,
kyi5n0jx.0c1,True,613,9/19/2017 3:35:24 PM,9/19/2017 3:35:24 PM,9/19/2017 3:36:24 PM,
jqrqmfix.it0,True,614,9/19/2017 3:35:24 PM,9/19/2017 3:35:24 PM,9/19/2017 3:36:24 PM,
1ykfsruq.2xi,True,615,9/19/2017 3:35:24 PM,9/19/2017 3:35:24 PM,9/19/2017 3:36:24 PM,
uvytt3jt.pbv,True,616,9/19/2017 3:35:24 PM,9/19/2017 3:35:24 PM,9/19/2017 3:36:24 PM,
fnt3xd2j.1wd,True,617,9/19/2017 3:35:24 PM,9/19/2017 3:35:24 PM,9/19/2017 3:36:24 PM,
f3tdrwm1.0ty,True,618,9/19/2017 3:35:24 PM,9/19/2017 3:35:24 PM,9/19/2017 3:36:24 PM,
hfkhv4rf.jlm,True,619,9/19/2017 3:35:24 PM,9/19/2017 3:35:24 PM,9/19/2017 3:36:24 PM,
x0tld3yr.z5q,True,620,9/19/2017 3:35:24 PM,9/19/2017 3:35:24 PM,9/19/2017 3:36:24 PM,
x1xskqma.lii,True,621,9/19/2017 3:35:24 PM,9/19/2017 3:35:24 PM,9/19/2017 3:36:24 PM,
qa1chct3.3ue,True,622,9/19/2017 3:35:24 PM,9/19/2017 3:35:24 PM,9/19/2017 3:36:24 PM,
0l34qsn4.jt4,True,623,9/19/2017 3:35:24 PM,9/19/2017 3:35:24 PM,9/19/2017 3:36:24 PM,
ch0the5v.r2q,True,624,9/19/2017 3:35:24 PM,9/19/2017 3:35:24 PM,9/19/2017 3:36:24 PM,
kcqp4je5.cyt,True,625,9/19/2017 3:35:24 PM,9/19/2017 3:35:24 PM,9/19/2017 3:36:24 PM,
4yzalj33.5me,True,626,9/19/2017 3:35:24 PM,9/19/2017 3:35:24 PM,9/19/2017 3:36:24 PM,
5x2j330v.pr0,True,627,9/19/2017 3:35:24 PM,9/19/2017 3:35:24 PM,9/19/2017 3:36:24 PM,
x4onufkw.jeu,True,628,9/19/2017 3:35:24 PM,9/19/2017 3:35:24 PM,9/19/2017 3:36:24 PM,
gknwlrrn.f3u,True,629,9/19/2017 3:35:24 PM,9/19/2017 3:35:24 PM,9/19/2017 3:36:24 PM,
zw51koa1.r1k,True,630,9/19/2017 3:35:24 PM,9/19/2017 3:35:24 PM,9/19/2017 3:36:24 PM,
kvarficn.zky,True,631,9/19/2017 3:35:24 PM,9/19/2017 3:35:24 PM,9/19/2017 3:36:24 PM,
kf1h5bjr.bku,True,632,9/19/2017 3:35:24 PM,9/19/2017 3:35:24 PM,9/19/2017 3:36:24 PM,
oc1xtqhj.ktm,True,633,9/19/2017 3:35:24 PM,9/19/2017 3:35:24 PM,9/19/2017 3:36:24 PM,
linz3pkz.crt,True,634,9/19/2017 3:35:24 PM,9/19/2017 3:35:24 PM,9/19/2017 3:36:24 PM,
aefzfjgt.bim,True,635,9/19/2017 3:35:24 PM,9/19/2017 3:35:24 PM,9/19/2017 3:36:24 PM,
45qz2bax.ax0,True,636,9/19/2017 3:35:24 PM,9/19/2017 3:35:24 PM,9/19/2017 3:36:24 PM,
bzrhpbsi.4ra,True,637,9/19/2017 3:35:24 PM,9/19/2017 3:35:24 PM,9/19/2017 3:36:24 PM,
2zx5ivrg.trn,True,638,9/19/2017 3:35:24 PM,9/19/2017 3:35:24 PM,9/19/2017 3:36:24 PM,
p4qj15x3.5or,True,639,9/19/2017 3:35:24 PM,9/19/2017 3:35:24 PM,9/19/2017 3:36:24 PM,
wikhxywc.fkf,True,640,9/19/2017 3:35:24 PM,9/19/2017 3:35:24 PM,9/19/2017 3:36:24 PM,
4kwvehpw.njc,True,641,9/19/2017 3:35:24 PM,9/19/2017 3:35:24 PM,9/19/2017 3:36:24 PM,
eebqkqzu.bep,True,642,9/19/2017 3:35:24 PM,9/19/2017 3:35:24 PM,9/19/2017 3:36:24 PM,
eco34eqx.vqg,True,643,9/19/2017 3:35:24 PM,9/19/2017 3:35:24 PM,9/19/2017 3:36:24 PM,
nkj2oxyo.0ov,True,644,9/19/2017 3:35:24 PM,9/19/2017 3:35:24 PM,9/19/2017 3:36:24 PM,
5sphk1uy.ony,True,645,9/19/2017 3:35:24 PM,9/19/2017 3:35:24 PM,9/19/2017 3:36:24 PM,
elniv2lu.u2v,True,646,9/19/2017 3:35:24 PM,9/19/2017 3:35:24 PM,9/19/2017 3:36:24 PM,
5ptospsu.si3,True,647,9/19/2017 3:35:24 PM,9/19/2017 3:35:24 PM,9/19/2017 3:36:24 PM,
fmvz2hto.ncr,True,648,9/19/2017 3:35:24 PM,9/19/2017 3:35:24 PM,9/19/2017 3:36:24 PM,
wb3vf3gy.ivv,True,649,9/19/2017 3:35:24 PM,9/19/2017 3:35:24 PM,9/19/2017 3:36:24 PM,
u2jnt4wq.al2,True,650,9/19/2017 3:35:24 PM,9/19/2017 3:35:24 PM,9/19/2017 3:36:24 PM,
24qntgks.phm,True,651,9/19/2017 3:35:24 PM,9/19/2017 3:35:24 PM,9/19/2017 3:36:24 PM,
rjafwg2r.jcc,True,652,9/19/2017 3:35:24 PM,9/19/2017 3:35:24 PM,9/19/2017 3:36:24 PM,
hcgtqdna.3mv,True,653,9/19/2017 3:35:24 PM,9/19/2017 3:35:24 PM,9/19/2017 3:36:24 PM,
i30vb3jv.nbr,True,654,9/19/2017 3:35:24 PM,9/19/2017 3:35:24 PM,9/19/2017 3:36:24 PM,
qv5yc00z.hzb,True,655,9/19/2017 3:35:24 PM,9/19/2017 3:35:24 PM,9/19/2017 3:36:24 PM,
glzeybwr.bhi,True,656,9/19/2017 3:35:24 PM,9/19/2017 3:35:24 PM,9/19/2017 3:36:24 PM,
eyysnplw.1q0,True,657,9/19/2017 3:35:24 PM,9/19/2017 3:35:24 PM,9/19/2017 3:36:24 PM,
hnie5424.lcy,True,658,9/19/2017 3:35:24 PM,9/19/2017 3:35:24 PM,9/19/2017 3:36:24 PM,
on02vun1.g1d,True,659,9/19/2017 3:35:24 PM,9/19/2017 3:35:24 PM,9/19/2017 3:36:24 PM,
4m13rg5f.xtb,True,660,9/19/2017 3:35:24 PM,9/19/2017 3:35:24 PM,9/19/2017 3:36:24 PM,
inlhqtkc.3pm,True,661,9/19/2017 3:35:24 PM,9/19/2017 3:35:24 PM,9/19/2017 3:36:24 PM,
umrzggs5.rnw,True,662,9/19/2017 3:35:24 PM,9/19/2017 3:35:24 PM,9/19/2017 3:36:24 PM,
2mspq5fj.whc,True,663,9/19/2017 3:35:24 PM,9/19/2017 3:35:24 PM,9/19/2017 3:36:24 PM,
f4llwb3h.iqn,True,664,9/19/2017 3:35:24 PM,9/19/2017 3:35:24 PM,9/19/2017 3:36:24 PM,
sfco0vua.rwd,True,665,9/19/2017 3:35:24 PM,9/19/2017 3:35:24 PM,9/19/2017 3:36:24 PM,
hmlapaha.w4s,True,666,9/19/2017 3:35:24 PM,9/19/2017 3:35:24 PM,9/19/2017 3:36:24 PM,
wni2cr5g.x2j,True,667,9/19/2017 3:35:24 PM,9/19/2017 3:35:24 PM,9/19/2017 3:36:24 PM,
p4rljjpd.k1h,True,668,9/19/2017 3:35:24 PM,9/19/2017 3:35:24 PM,9/19/2017 3:36:24 PM,
i0h0q0sj.p4d,True,669,9/19/2017 3:35:24 PM,9/19/2017 3:35:24 PM,9/19/2017 3:36:24 PM,
4mfatgwa.gyy,True,670,9/19/2017 3:35:24 PM,9/19/2017 3:35:24 PM,9/19/2017 3:36:24 PM,
c51ohlmn.uxm,True,671,9/19/2017 3:35:24 PM,9/19/2017 3:35:24 PM,9/19/2017 3:36:24 PM,
ls4gkf5g.v0c,True,672,9/19/2017 3:35:24 PM,9/19/2017 3:35:24 PM,9/19/2017 3:36:24 PM,
2v3tufla.kcw,True,673,9/19/2017 3:35:24 PM,9/19/2017 3:35:24 PM,9/19/2017 3:36:24 PM,
yh5r0fyd.vsr,True,674,9/19/2017 3:35:24 PM,9/19/2017 3:35:24 PM,9/19/2017 3:36:24 PM,
kqzbkmln.k5i,True,675,9/19/2017 3:35:24 PM,9/19/2017 3:35:24 PM,9/19/2017 3:36:24 PM,
po42xuu3.yib,True,676,9/19/2017 3:35:24 PM,9/19/2017 3:35:24 PM,9/19/2017 3:36:24 PM,
bpgkrnae.hgn,True,677,9/19/2017 3:35:24 PM,9/19/2017 3:35:24 PM,9/19/2017 3:36:24 PM,
cpucbgpa.23b,True,678,9/19/2017 3:35:24 PM,9/19/2017 3:35:24 PM,9/19/2017 3:36:24 PM,
p4p1zkom.are,True,679,9/19/2017 3:35:24 PM,9/19/2017 3:35:24 PM,9/19/2017 3:36:24 PM,
eum13hwr.ncm,True,680,9/19/2017 3:35:24 PM,9/19/2017 3:35:24 PM,9/19/2017 3:36:24 PM,
rhypahsm.2qw,True,681,9/19/2017 3:35:24 PM,9/19/2017 3:35:24 PM,9/19/2017 3:36:24 PM,
tiqstxj0.qwy,True,682,9/19/2017 3:35:24 PM,9/19/2017 3:35:24 PM,9/19/2017 3:36:24 PM,
s3royosi.tjc,True,683,9/19/2017 3:35:24 PM,9/19/2017 3:35:24 PM,9/19/2017 3:36:24 PM,
5oy0t2jy.gmv,True,684,9/19/2017 3:35:24 PM,9/19/2017 3:35:24 PM,9/19/2017 3:36:24 PM,
qc5cpiom.pz0,True,685,9/19/2017 3:35:24 PM,9/19/2017 3:35:24 PM,9/19/2017 3:36:24 PM,
l4uuswd3.dhy,True,686,9/19/2017 3:35:24 PM,9/19/2017 3:35:24 PM,9/19/2017 3:36:24 PM,
mijcxzz0.ap2,True,687,9/19/2017 3:35:24 PM,9/19/2017 3:35:24 PM,9/19/2017 3:36:24 PM,
cbqwc1pv.l3k,True,688,9/19/2017 3:35:24 PM,9/19/2017 3:35:24 PM,9/19/2017 3:36:24 PM,
tdyjmk1y.52d,True,689,9/19/2017 3:35:24 PM,9/19/2017 3:35:24 PM,9/19/2017 3:36:24 PM,
r5oyrwqr.dcn,True,690,9/19/2017 3:35:24 PM,9/19/2017 3:35:24 PM,9/19/2017 3:36:24 PM,
j5ww5eco.qkv,True,691,9/19/2017 3:35:24 PM,9/19/2017 3:35:24 PM,9/19/2017 3:36:24 PM,
y2kjfz4k.evm,True,692,9/19/2017 3:35:24 PM,9/19/2017 3:35:24 PM,9/19/2017 3:36:24 PM,
1zpgsqhr.boy,True,693,9/19/2017 3:35:24 PM,9/19/2017 3:35:24 PM,9/19/2017 3:36:24 PM,
u5etiuzz.tkv,True,694,9/19/2017 3:35:24 PM,9/19/2017 3:35:24 PM,9/19/2017 3:36:24 PM,
qt4rqlbb.w2n,True,695,9/19/2017 3:35:24 PM,9/19/2017 3:35:24 PM,9/19/2017 3:36:24 PM,
uqkj2nd4.av3,True,696,9/19/2017 3:35:24 PM,9/19/2017 3:35:24 PM,9/19/2017 3:36:24 PM,
psbergtl.yne,True,697,9/19/2017 3:35:24 PM,9/19/2017 3:35:24 PM,9/19/2017 3:36:24 PM,
lurynvbs.eyw,True,698,9/19/2017 3:35:24 PM,9/19/2017 3:35:24 PM,9/19/2017 3:36:24 PM,
4icj0nva.m1m,True,699,9/19/2017 3:35:24 PM,9/19/2017 3:35:24 PM,9/19/2017 3:36:24 PM,
af0ai4yy.rmm,True,700,9/19/2017 3:35:24 PM,9/19/2017 3:35:24 PM,9/19/2017 3:36:24 PM,
owam3jgc.ywx,True,701,9/19/2017 3:35:24 PM,9/19/2017 3:35:24 PM,9/19/2017 3:36:24 PM,
kopwiz2j.nfi,True,702,9/19/2017 3:35:24 PM,9/19/2017 3:35:24 PM,9/19/2017 3:36:24 PM,
bbzgxzen.qcm,True,703,9/19/2017 3:35:24 PM,9/19/2017 3:35:24 PM,9/19/2017 3:36:24 PM,
lpo3khpl.d3s,True,704,9/19/2017 3:35:24 PM,9/19/2017 3:35:24 PM,9/19/2017 3:36:24 PM,
eh32gnbw.5at,True,705,9/19/2017 3:35:24 PM,9/19/2017 3:35:24 PM,9/19/2017 3:36:24 PM,
432irxjs.ric,True,706,9/19/2017 3:35:24 PM,9/19/2017 3:35:24 PM,9/19/2017 3:36:24 PM,
s10otf33.4qy,True,707,9/19/2017 3:35:24 PM,9/19/2017 3:35:24 PM,9/19/2017 3:36:24 PM,
cz40zqvh.m0h,True,708,9/19/2017 3:35:24 PM,9/19/2017 3:35:24 PM,9/19/2017 3:36:24 PM,
uogv1qld.cav,True,709,9/19/2017 3:35:24 PM,9/19/2017 3:35:24 PM,9/19/2017 3:36:24 PM,
x3o4rpue.rpl,True,710,9/19/2017 3:35:24 PM,9/19/2017 3:35:24 PM,9/19/2017 3:36:24 PM,
0t5y5z50.wuo,True,711,9/19/2017 3:35:24 PM,9/19/2017 3:35:24 PM,9/19/2017 3:36:24 PM,
yfybue4p.jbd,True,712,9/19/2017 3:35:24 PM,9/19/2017 3:35:24 PM,9/19/2017 3:36:24 PM,
ztfheyia.cmq,True,713,9/19/2017 3:35:24 PM,9/19/2017 3:35:24 PM,9/19/2017 3:36:24 PM,
5pooxxys.t3t,True,714,9/19/2017 3:35:24 PM,9/19/2017 3:35:24 PM,9/19/2017 3:36:24 PM,
ip52wjsa.nvb,True,715,9/19/2017 3:35:24 PM,9/19/2017 3:35:24 PM,9/19/2017 3:36:24 PM,
xpzvpved.a2q,True,716,9/19/2017 3:35:24 PM,9/19/2017 3:35:24 PM,9/19/2017 3:36:24 PM,
x3yjnuq4.c12,True,717,9/19/2017 3:35:24 PM,9/19/2017 3:35:24 PM,9/19/2017 3:36:24 PM,
qbk4rbzw.vur,True,718,9/19/2017 3:35:24 PM,9/19/2017 3:35:24 PM,9/19/2017 3:36:24 PM,
fvyu44wl.soh,True,719,9/19/2017 3:35:24 PM,9/19/2017 3:35:24 PM,9/19/2017 3:36:24 PM,
imubir2u.xt3,True,720,9/19/2017 3:35:24 PM,9/19/2017 3:35:24 PM,9/19/2017 3:36:24 PM,
0yxl2qcy.ceu,True,721,9/19/2017 3:35:24 PM,9/19/2017 3:35:24 PM,9/19/2017 3:36:24 PM,
zicjz0op.3cu,True,722,9/19/2017 3:35:24 PM,9/19/2017 3:35:24 PM,9/19/2017 3:36:24 PM,
aujwqqg4.sq3,True,723,9/19/2017 3:35:24 PM,9/19/2017 3:35:24 PM,9/19/2017 3:36:24 PM,
sgynsdah.f2u,True,724,9/19/2017 3:35:24 PM,9/19/2017 3:35:24 PM,9/19/2017 3:36:24 PM,
dxgrhdco.4o1,True,725,9/19/2017 3:35:24 PM,9/19/2017 3:35:24 PM,9/19/2017 3:36:24 PM,
kvcskwjd.1pg,True,726,9/19/2017 3:35:24 PM,9/19/2017 3:35:24 PM,9/19/2017 3:36:24 PM,
k2fvk1or.0np,True,727,9/19/2017 3:35:24 PM,9/19/2017 3:35:24 PM,9/19/2017 3:36:24 PM,
kdoygfj1.llk,True,728,9/19/2017 3:35:24 PM,9/19/2017 3:35:24 PM,9/19/2017 3:36:24 PM,
0yd1fkof.c35,True,729,9/19/2017 3:35:24 PM,9/19/2017 3:35:24 PM,9/19/2017 3:36:24 PM,
5b21a0bp.fph,True,730,9/19/2017 3:35:24 PM,9/19/2017 3:35:24 PM,9/19/2017 3:36:24 PM,
w5fdqhjm.gm3,True,731,9/19/2017 3:35:24 PM,9/19/2017 3:35:24 PM,9/19/2017 3:36:24 PM,
f0moxu4g.qf3,True,732,9/19/2017 3:35:24 PM,9/19/2017 3:35:24 PM,9/19/2017 3:36:24 PM,
wsrdpz3b.lax,True,733,9/19/2017 3:35:24 PM,9/19/2017 3:35:24 PM,9/19/2017 3:36:24 PM,
uy1aluzq.hxn,True,734,9/19/2017 3:35:24 PM,9/19/2017 3:35:24 PM,9/19/2017 3:36:24 PM,
w2nfmifq.oy1,True,735,9/19/2017 3:35:24 PM,9/19/2017 3:35:24 PM,9/19/2017 3:36:24 PM,
noqydopt.u2h,True,736,9/19/2017 3:35:24 PM,9/19/2017 3:35:24 PM,9/19/2017 3:36:24 PM,
x33lkt0d.eut,True,737,9/19/2017 3:35:24 PM,9/19/2017 3:35:24 PM,9/19/2017 3:36:24 PM,
4ecybxb0.umx,True,738,9/19/2017 3:35:24 PM,9/19/2017 3:35:24 PM,9/19/2017 3:36:24 PM,
khjj4ya1.syd,True,739,9/19/2017 3:35:24 PM,9/19/2017 3:35:24 PM,9/19/2017 3:36:24 PM,
w5mj1p0k.cpl,True,740,9/19/2017 3:35:24 PM,9/19/2017 3:35:24 PM,9/19/2017 3:36:24 PM,
qgjbsxoy.jvd,True,741,9/19/2017 3:35:24 PM,9/19/2017 3:35:24 PM,9/19/2017 3:36:24 PM,
io54lom1.gwc,True,742,9/19/2017 3:35:24 PM,9/19/2017 3:35:24 PM,9/19/2017 3:36:24 PM,
bhxhlqqr.njn,True,743,9/19/2017 3:35:24 PM,9/19/2017 3:35:24 PM,9/19/2017 3:36:24 PM,
i4gbhhxb.j3g,True,744,9/19/2017 3:35:24 PM,9/19/2017 3:35:24 PM,9/19/2017 3:36:24 PM,
nr1ado0i.u0n,True,745,9/19/2017 3:35:24 PM,9/19/2017 3:35:24 PM,9/19/2017 3:36:24 PM,
mjfjfuli.x12,True,746,9/19/2017 3:35:24 PM,9/19/2017 3:35:24 PM,9/19/2017 3:36:24 PM,
ecee2ked.btq,True,747,9/19/2017 3:35:24 PM,9/19/2017 3:35:24 PM,9/19/2017 3:36:24 PM,
ifxgacxu.l35,True,748,9/19/2017 3:35:24 PM,9/19/2017 3:35:24 PM,9/19/2017 3:36:24 PM,
snake2su.4vm,True,749,9/19/2017 3:35:24 PM,9/19/2017 3:35:24 PM,9/19/2017 3:36:24 PM,
gcb4lnsh.3vf,True,750,9/19/2017 3:35:24 PM,9/19/2017 3:35:24 PM,9/19/2017 3:36:24 PM,
qmeys3w3.mld,True,751,9/19/2017 3:35:24 PM,9/19/2017 3:35:24 PM,9/19/2017 3:36:24 PM,
gjq5zvf1.d0k,True,752,9/19/2017 3:35:24 PM,9/19/2017 3:35:24 PM,9/19/2017 3:36:24 PM,
z54kbe0c.su1,True,753,9/19/2017 3:35:24 PM,9/19/2017 3:35:24 PM,9/19/2017 3:36:24 PM,
teylxnav.vwn,True,754,9/19/2017 3:35:24 PM,9/19/2017 3:35:24 PM,9/19/2017 3:36:24 PM,
msa4qr3p.chg,True,755,9/19/2017 3:35:24 PM,9/19/2017 3:35:24 PM,9/19/2017 3:36:24 PM,
ayjgkhkg.dg2,True,756,9/19/2017 3:35:24 PM,9/19/2017 3:35:24 PM,9/19/2017 3:36:24 PM,
g4fm5ari.1ut,True,757,9/19/2017 3:35:24 PM,9/19/2017 3:35:24 PM,9/19/2017 3:36:24 PM,
v0yva0xu.1a3,True,758,9/19/2017 3:35:24 PM,9/19/2017 3:35:24 PM,9/19/2017 3:36:24 PM,
gm0o1ukw.3zr,True,759,9/19/2017 3:35:24 PM,9/19/2017 3:35:24 PM,9/19/2017 3:36:24 PM,
bn3cn1ql.o55,True,760,9/19/2017 3:35:24 PM,9/19/2017 3:35:24 PM,9/19/2017 3:36:24 PM,
jy3zpdqx.4nh,True,761,9/19/2017 3:35:24 PM,9/19/2017 3:35:24 PM,9/19/2017 3:36:24 PM,
ghlqwxfk.p3w,True,762,9/19/2017 3:35:24 PM,9/19/2017 3:35:24 PM,9/19/2017 3:36:24 PM,
ps4y4krj.x2y,True,763,9/19/2017 3:35:24 PM,9/19/2017 3:35:24 PM,9/19/2017 3:36:24 PM,
ltwpguih.pcn,True,764,9/19/2017 3:35:24 PM,9/19/2017 3:35:24 PM,9/19/2017 3:36:24 PM,
w5k5kq05.yil,True,765,9/19/2017 3:35:24 PM,9/19/2017 3:35:24 PM,9/19/2017 3:36:24 PM,
ljcsy22v.xui,True,766,9/19/2017 3:35:24 PM,9/19/2017 3:35:24 PM,9/19/2017 3:36:24 PM,
ujlhjslc.q3l,True,767,9/19/2017 3:35:24 PM,9/19/2017 3:35:24 PM,9/19/2017 3:36:24 PM,
ghyz5s3c.shk,True,768,9/19/2017 3:35:24 PM,9/19/2017 3:35:24 PM,9/19/2017 3:36:24 PM,
cvnjbqzg.mgd,True,769,9/19/2017 3:35:24 PM,9/19/2017 3:35:24 PM,9/19/2017 3:36:24 PM,
q0vrwr0w.npx,True,770,9/19/2017 3:35:24 PM,9/19/2017 3:35:24 PM,9/19/2017 3:36:24 PM,
14qi2mxb.vch,True,771,9/19/2017 3:35:24 PM,9/19/2017 3:35:24 PM,9/19/2017 3:36:24 PM,
cyms3d4f.guu,True,772,9/19/2017 3:35:24 PM,9/19/2017 3:35:24 PM,9/19/2017 3:36:24 PM,
avrbkvwr.vl3,True,773,9/19/2017 3:35:24 PM,9/19/2017 3:35:24 PM,9/19/2017 3:36:24 PM,
hwcyvvcd.yc1,True,774,9/19/2017 3:35:24 PM,9/19/2017 3:35:24 PM,9/19/2017 3:36:24 PM,
u4pbaf2v.r4d,True,775,9/19/2017 3:35:24 PM,9/19/2017 3:35:24 PM,9/19/2017 3:36:24 PM,
xjk5et2q.phq,True,776,9/19/2017 3:35:24 PM,9/19/2017 3:35:24 PM,9/19/2017 3:36:24 PM,
qe04yc5y.4xp,True,777,9/19/2017 3:35:24 PM,9/19/2017 3:35:24 PM,9/19/2017 3:36:24 PM,
c1mgbijc.cfz,True,778,9/19/2017 3:35:24 PM,9/19/2017 3:35:24 PM,9/19/2017 3:36:24 PM,
uvpxrrjs.yb1,True,779,9/19/2017 3:35:24 PM,9/19/2017 3:35:24 PM,9/19/2017 3:36:24 PM,
ir43ijte.qdj,True,780,9/19/2017 3:35:24 PM,9/19/2017 3:35:24 PM,9/19/2017 3:36:24 PM,
gq4xmzfx.a1r,True,781,9/19/2017 3:35:24 PM,9/19/2017 3:35:24 PM,9/19/2017 3:36:24 PM,
zh3ntjg2.m4n,True,782,9/19/2017 3:35:24 PM,9/19/2017 3:35:24 PM,9/19/2017 3:36:24 PM,
15fkfubx.dpx,True,783,9/19/2017 3:35:24 PM,9/19/2017 3:35:24 PM,9/19/2017 3:36:24 PM,
mt5eqv1l.f1r,True,784,9/19/2017 3:35:24 PM,9/19/2017 3:35:24 PM,9/19/2017 3:36:24 PM,
umfzhodn.0tl,True,785,9/19/2017 3:35:24 PM,9/19/2017 3:35:24 PM,9/19/2017 3:36:24 PM,
cnubukzr.wu5,True,786,9/19/2017 3:35:24 PM,9/19/2017 3:35:24 PM,9/19/2017 3:36:24 PM,
ru4on1l3.ijq,True,787,9/19/2017 3:35:24 PM,9/19/2017 3:35:24 PM,9/19/2017 3:36:24 PM,
qamlldsl.3xr,True,788,9/19/2017 3:35:24 PM,9/19/2017 3:35:24 PM,9/19/2017 3:36:24 PM,
lzrt3hsp.j4s,True,789,9/19/2017 3:35:24 PM,9/19/2017 3:35:24 PM,9/19/2017 3:36:24 PM,
s5wb05f4.2vl,True,790,9/19/2017 3:35:24 PM,9/19/2017 3:35:24 PM,9/19/2017 3:36:24 PM,
fjfhp4ip.13n,True,791,9/19/2017 3:35:24 PM,9/19/2017 3:35:24 PM,9/19/2017 3:36:24 PM,
asahu2yb.3a0,True,792,9/19/2017 3:35:24 PM,9/19/2017 3:35:24 PM,9/19/2017 3:36:24 PM,
pzxudxwo.t3a,True,793,9/19/2017 3:35:24 PM,9/19/2017 3:35:24 PM,9/19/2017 3:36:24 PM,
g1cx3uxd.nqv,True,794,9/19/2017 3:35:24 PM,9/19/2017 3:35:24 PM,9/19/2017 3:36:24 PM,
4pv2a3r1.y40,True,795,9/19/2017 3:35:24 PM,9/19/2017 3:35:24 PM,9/19/2017 3:36:24 PM,
2hrvx35x.3ul,True,796,9/19/2017 3:35:24 PM,9/19/2017 3:35:24 PM,9/19/2017 3:36:24 PM,
wskmmv5r.ydq,True,797,9/19/2017 3:35:24 PM,9/19/2017 3:35:24 PM,9/19/2017 3:36:24 PM,
smysdoxg.xeq,True,798,9/19/2017 3:35:24 PM,9/19/2017 3:35:24 PM,9/19/2017 3:36:24 PM,
gbd4wyxo.oqt,True,799,9/19/2017 3:35:24 PM,9/19/2017 3:35:24 PM,9/19/2017 3:36:24 PM,
qctrzcqb.bcq,True,800,9/19/2017 3:35:24 PM,9/19/2017 3:35:24 PM,9/19/2017 3:36:24 PM,
a2nk1tsp.lqo,True,801,9/19/2017 3:35:24 PM,9/19/2017 3:35:24 PM,9/19/2017 3:36:24 PM,
1lka1sve.nhp,True,802,9/19/2017 3:35:24 PM,9/19/2017 3:35:24 PM,9/19/2017 3:36:24 PM,
l3wnhxvt.p4n,True,803,9/19/2017 3:35:24 PM,9/19/2017 3:35:24 PM,9/19/2017 3:36:24 PM,
xzagrs3g.q2s,True,804,9/19/2017 3:35:24 PM,9/19/2017 3:35:24 PM,9/19/2017 3:36:24 PM,
xpwatlwi.y0q,True,805,9/19/2017 3:35:24 PM,9/19/2017 3:35:24 PM,9/19/2017 3:36:24 PM,
rvpmmtt4.l0i,True,806,9/19/2017 3:35:24 PM,9/19/2017 3:35:24 PM,9/19/2017 3:36:24 PM,
4tp5vkpu.kia,True,807,9/19/2017 3:35:24 PM,9/19/2017 3:35:24 PM,9/19/2017 3:36:24 PM,
ujvoajmb.geh,True,808,9/19/2017 3:35:24 PM,9/19/2017 3:35:24 PM,9/19/2017 3:36:24 PM,
x04gud3b.qk0,True,809,9/19/2017 3:35:24 PM,9/19/2017 3:35:24 PM,9/19/2017 3:36:24 PM,
idtwi0sx.ph5,True,810,9/19/2017 3:35:24 PM,9/19/2017 3:35:24 PM,9/19/2017 3:36:24 PM,
5grx3or4.kki,True,811,9/19/2017 3:35:24 PM,9/19/2017 3:35:24 PM,9/19/2017 3:36:24 PM,
1xjmp2xi.p4t,True,812,9/19/2017 3:35:24 PM,9/19/2017 3:35:24 PM,9/19/2017 3:36:24 PM,
3nkf1vko.ln2,True,813,9/19/2017 3:35:24 PM,9/19/2017 3:35:24 PM,9/19/2017 3:36:24 PM,
hrgoejaf.xa5,True,814,9/19/2017 3:35:24 PM,9/19/2017 3:35:24 PM,9/19/2017 3:36:24 PM,
etm1unmx.rau,True,815,9/19/2017 3:35:24 PM,9/19/2017 3:35:24 PM,9/19/2017 3:36:24 PM,
jl3113ro.k5d,True,816,9/19/2017 3:35:24 PM,9/19/2017 3:35:24 PM,9/19/2017 3:36:24 PM,
ojmefhpp.yyt,True,817,9/19/2017 3:35:24 PM,9/19/2017 3:35:24 PM,9/19/2017 3:36:24 PM,
j1ibplgl.swl,True,818,9/19/2017 3:35:24 PM,9/19/2017 3:35:24 PM,9/19/2017 3:36:24 PM,
uk3qdapb.bew,True,819,9/19/2017 3:35:24 PM,9/19/2017 3:35:24 PM,9/19/2017 3:36:24 PM,
ot1yitvm.okh,True,820,9/19/2017 3:35:24 PM,9/19/2017 3:35:24 PM,9/19/2017 3:36:24 PM,
35gp1j00.32r,True,821,9/19/2017 3:35:24 PM,9/19/2017 3:35:24 PM,9/19/2017 3:36:24 PM,
0ag4ouev.0rz,True,822,9/19/2017 3:35:24 PM,9/19/2017 3:35:24 PM,9/19/2017 3:36:24 PM,
o4isowhe.gpi,True,823,9/19/2017 3:35:24 PM,9/19/2017 3:35:24 PM,9/19/2017 3:36:24 PM,
gqdcdq3c.ptt,True,824,9/19/2017 3:35:24 PM,9/19/2017 3:35:24 PM,9/19/2017 3:36:24 PM,
kzzokncn.gcw,True,825,9/19/2017 3:35:24 PM,9/19/2017 3:35:24 PM,9/19/2017 3:36:24 PM,
2ftb43tr.wa1,True,826,9/19/2017 3:35:24 PM,9/19/2017 3:35:24 PM,9/19/2017 3:36:24 PM,
gmt24q3q.5ap,True,827,9/19/2017 3:35:24 PM,9/19/2017 3:35:24 PM,9/19/2017 3:36:24 PM,
q4s523nz.3i0,True,828,9/19/2017 3:35:24 PM,9/19/2017 3:35:24 PM,9/19/2017 3:36:24 PM,
djnr4exx.ntj,True,829,9/19/2017 3:35:24 PM,9/19/2017 3:35:24 PM,9/19/2017 3:36:24 PM,
t2db3o0m.to2,True,830,9/19/2017 3:35:24 PM,9/19/2017 3:35:24 PM,9/19/2017 3:36:24 PM,
ef3yr2rd.cb4,True,831,9/19/2017 3:35:24 PM,9/19/2017 3:35:24 PM,9/19/2017 3:36:24 PM,
hm0twfw4.511,True,832,9/19/2017 3:35:24 PM,9/19/2017 3:35:24 PM,9/19/2017 3:36:24 PM,
zjdsn3dj.ons,True,833,9/19/2017 3:35:24 PM,9/19/2017 3:35:24 PM,9/19/2017 3:36:24 PM,
tctelfct.wxf,True,834,9/19/2017 3:35:24 PM,9/19/2017 3:35:24 PM,9/19/2017 3:36:24 PM,
p3chgcrs.z30,True,835,9/19/2017 3:35:24 PM,9/19/2017 3:35:24 PM,9/19/2017 3:36:24 PM,
sa3l10hp.sdy,True,836,9/19/2017 3:35:24 PM,9/19/2017 3:35:24 PM,9/19/2017 3:36:24 PM,
jks4mtk0.gns,True,837,9/19/2017 3:35:24 PM,9/19/2017 3:35:24 PM,9/19/2017 3:36:24 PM,
0ej1dnyt.rpi,True,838,9/19/2017 3:35:24 PM,9/19/2017 3:35:24 PM,9/19/2017 3:36:24 PM,
aoup3n10.urc,True,839,9/19/2017 3:35:24 PM,9/19/2017 3:35:24 PM,9/19/2017 3:36:24 PM,
ovzrg25k.ask,True,840,9/19/2017 3:35:24 PM,9/19/2017 3:35:24 PM,9/19/2017 3:36:24 PM,
121biyeh.ivt,True,841,9/19/2017 3:35:24 PM,9/19/2017 3:35:24 PM,9/19/2017 3:36:24 PM,
nlct11km.q3y,True,842,9/19/2017 3:35:24 PM,9/19/2017 3:35:24 PM,9/19/2017 3:36:24 PM,
pazmevm2.3zo,True,843,9/19/2017 3:35:24 PM,9/19/2017 3:35:24 PM,9/19/2017 3:36:24 PM,
zimwnvlf.qnc,True,844,9/19/2017 3:35:24 PM,9/19/2017 3:35:24 PM,9/19/2017 3:36:24 PM,
dewdycuw.ej3,True,845,9/19/2017 3:35:24 PM,9/19/2017 3:35:24 PM,9/19/2017 3:36:24 PM,
gmn0juuc.oe4,True,846,9/19/2017 3:35:24 PM,9/19/2017 3:35:24 PM,9/19/2017 3:36:24 PM,
54jabka4.irj,True,847,9/19/2017 3:35:24 PM,9/19/2017 3:35:24 PM,9/19/2017 3:36:24 PM,
bb22vtrb.cqy,True,848,9/19/2017 3:35:24 PM,9/19/2017 3:35:24 PM,9/19/2017 3:36:24 PM,
wanfccgd.upt,True,849,9/19/2017 3:35:24 PM,9/19/2017 3:35:24 PM,9/19/2017 3:36:24 PM,
1x3etji5.5rh,True,850,9/19/2017 3:35:24 PM,9/19/2017 3:35:24 PM,9/19/2017 3:36:24 PM,
iwqagwvf.qvg,True,851,9/19/2017 3:35:24 PM,9/19/2017 3:35:24 PM,9/19/2017 3:36:24 PM,
1fpfo0ky.j5z,True,852,9/19/2017 3:35:24 PM,9/19/2017 3:35:24 PM,9/19/2017 3:36:24 PM,
dox4ep5l.tva,True,853,9/19/2017 3:35:24 PM,9/19/2017 3:35:24 PM,9/19/2017 3:36:24 PM,
wiqh5o44.wxj,True,854,9/19/2017 3:35:24 PM,9/19/2017 3:35:24 PM,9/19/2017 3:36:24 PM,
bleaz2co.mkc,True,855,9/19/2017 3:35:24 PM,9/19/2017 3:35:24 PM,9/19/2017 3:36:24 PM,
ydle5xjx.5wr,True,856,9/19/2017 3:35:24 PM,9/19/2017 3:35:24 PM,9/19/2017 3:36:24 PM,
wvvjzvpv.zag,True,857,9/19/2017 3:35:24 PM,9/19/2017 3:35:24 PM,9/19/2017 3:36:24 PM,
d1fbtp5m.kfx,True,858,9/19/2017 3:35:24 PM,9/19/2017 3:35:24 PM,9/19/2017 3:36:24 PM,
mkhdyjlb.c4y,True,859,9/19/2017 3:35:24 PM,9/19/2017 3:35:24 PM,9/19/2017 3:36:24 PM,
txca431n.qrx,True,860,9/19/2017 3:35:24 PM,9/19/2017 3:35:24 PM,9/19/2017 3:36:24 PM,
zgdzne5z.cyw,True,861,9/19/2017 3:35:24 PM,9/19/2017 3:35:24 PM,9/19/2017 3:36:24 PM,
zldnqkxh.qlq,True,862,9/19/2017 3:35:24 PM,9/19/2017 3:35:24 PM,9/19/2017 3:36:24 PM,
34rz5z5n.aw4,True,863,9/19/2017 3:35:24 PM,9/19/2017 3:35:24 PM,9/19/2017 3:36:24 PM,
khcl0sxl.gf4,True,864,9/19/2017 3:35:24 PM,9/19/2017 3:35:24 PM,9/19/2017 3:36:24 PM,
m0qwjgbq.bov,True,865,9/19/2017 3:35:24 PM,9/19/2017 3:35:24 PM,9/19/2017 3:36:24 PM,
rgzhwzkb.pko,True,866,9/19/2017 3:35:24 PM,9/19/2017 3:35:24 PM,9/19/2017 3:36:24 PM,
faoswchn.ua4,True,867,9/19/2017 3:35:24 PM,9/19/2017 3:35:24 PM,9/19/2017 3:36:24 PM,
2xytrp1q.xc2,True,868,9/19/2017 3:35:24 PM,9/19/2017 3:35:24 PM,9/19/2017 3:36:24 PM,
10aimiug.h5f,True,869,9/19/2017 3:35:24 PM,9/19/2017 3:35:24 PM,9/19/2017 3:36:24 PM,
gzcadrov.ler,True,870,9/19/2017 3:35:24 PM,9/19/2017 3:35:24 PM,9/19/2017 3:36:24 PM,
3sphbw3p.p4t,True,871,9/19/2017 3:35:24 PM,9/19/2017 3:35:24 PM,9/19/2017 3:36:24 PM,
vz5nl4o3.mbt,True,872,9/19/2017 3:35:24 PM,9/19/2017 3:35:24 PM,9/19/2017 3:36:24 PM,
rd4sb5pp.irq,True,873,9/19/2017 3:35:24 PM,9/19/2017 3:35:24 PM,9/19/2017 3:36:24 PM,
kzw4bdtr.5ii,True,874,9/19/2017 3:35:24 PM,9/19/2017 3:35:24 PM,9/19/2017 3:36:24 PM,
ns2yvgfl.jgz,True,875,9/19/2017 3:35:24 PM,9/19/2017 3:35:24 PM,9/19/2017 3:36:24 PM,
mf5qi1qd.np0,True,876,9/19/2017 3:35:24 PM,9/19/2017 3:35:24 PM,9/19/2017 3:36:24 PM,
rk0mb1uf.ua4,True,877,9/19/2017 3:35:24 PM,9/19/2017 3:35:24 PM,9/19/2017 3:36:24 PM,
mbmrsl00.uvw,True,878,9/19/2017 3:35:24 PM,9/19/2017 3:35:24 PM,9/19/2017 3:36:24 PM,
bc0aq502.g4b,True,879,9/19/2017 3:35:24 PM,9/19/2017 3:35:24 PM,9/19/2017 3:36:24 PM,
ox3p1tkm.wqc,True,880,9/19/2017 3:35:24 PM,9/19/2017 3:35:24 PM,9/19/2017 3:36:24 PM,
5qeu11u5.03b,True,881,9/19/2017 3:35:24 PM,9/19/2017 3:35:24 PM,9/19/2017 3:36:24 PM,
fcdhnj2l.hkh,True,882,9/19/2017 3:35:24 PM,9/19/2017 3:35:24 PM,9/19/2017 3:36:24 PM,
owviove3.unp,True,883,9/19/2017 3:35:24 PM,9/19/2017 3:35:24 PM,9/19/2017 3:36:24 PM,
i0z4jofk.k2c,True,884,9/19/2017 3:35:24 PM,9/19/2017 3:35:24 PM,9/19/2017 3:36:24 PM,
c4cdc5x1.1mu,True,885,9/19/2017 3:35:24 PM,9/19/2017 3:35:24 PM,9/19/2017 3:36:24 PM,
tkgwyagh.pxl,True,886,9/19/2017 3:35:24 PM,9/19/2017 3:35:24 PM,9/19/2017 3:36:24 PM,
qvzu31xw.cml,True,887,9/19/2017 3:35:24 PM,9/19/2017 3:35:24 PM,9/19/2017 3:36:24 PM,
ccowcczi.ydg,True,888,9/19/2017 3:35:24 PM,9/19/2017 3:35:24 PM,9/19/2017 3:36:24 PM,
4dq5olsd.esj,True,889,9/19/2017 3:35:24 PM,9/19/2017 3:35:24 PM,9/19/2017 3:36:24 PM,
dyvv5p21.kj4,True,890,9/19/2017 3:35:24 PM,9/19/2017 3:35:24 PM,9/19/2017 3:36:24 PM,
riqhisey.nxn,True,891,9/19/2017 3:35:24 PM,9/19/2017 3:35:24 PM,9/19/2017 3:36:24 PM,
tn2om14u.0ug,True,892,9/19/2017 3:35:24 PM,9/19/2017 3:35:24 PM,9/19/2017 3:36:24 PM,
muxfbqsf.auq,True,893,9/19/2017 3:35:24 PM,9/19/2017 3:35:24 PM,9/19/2017 3:36:24 PM,
1wv0n3tp.xjx,True,894,9/19/2017 3:35:24 PM,9/19/2017 3:35:24 PM,9/19/2017 3:36:24 PM,
yu333hx5.j13,True,895,9/19/2017 3:35:24 PM,9/19/2017 3:35:24 PM,9/19/2017 3:36:24 PM,
tdkcyp5n.hym,True,896,9/19/2017 3:35:24 PM,9/19/2017 3:35:24 PM,9/19/2017 3:36:24 PM,
yzigl21i.pjm,True,897,9/19/2017 3:35:24 PM,9/19/2017 3:35:24 PM,9/19/2017 3:36:24 PM,
xyho05mi.mdo,True,898,9/19/2017 3:35:24 PM,9/19/2017 3:35:24 PM,9/19/2017 3:36:24 PM,
i2ft23lz.241,True,899,9/19/2017 3:35:24 PM,9/19/2017 3:35:24 PM,9/19/2017 3:36:24 PM,
kiigbu3s.nsr,True,900,9/19/2017 3:35:24 PM,9/19/2017 3:35:24 PM,9/19/2017 3:36:24 PM,
5mvbf4hd.11p,True,901,9/19/2017 3:35:24 PM,9/19/2017 3:35:24 PM,9/19/2017 3:36:24 PM,
g4qyhvur.ba1,True,902,9/19/2017 3:35:24 PM,9/19/2017 3:35:24 PM,9/19/2017 3:36:24 PM,
mk5sobj4.nz1,True,903,9/19/2017 3:35:24 PM,9/19/2017 3:35:24 PM,9/19/2017 3:36:24 PM,
ukoxlnhk.du1,True,904,9/19/2017 3:35:24 PM,9/19/2017 3:35:24 PM,9/19/2017 3:36:24 PM,
way4cuu5.2cj,True,905,9/19/2017 3:35:24 PM,9/19/2017 3:35:24 PM,9/19/2017 3:36:24 PM,
m45hh25o.bx2,True,906,9/19/2017 3:35:24 PM,9/19/2017 3:35:24 PM,9/19/2017 3:36:24 PM,
yccqvxvu.t5k,True,907,9/19/2017 3:35:24 PM,9/19/2017 3:35:24 PM,9/19/2017 3:36:24 PM,
re1x1b3w.2wx,True,908,9/19/2017 3:35:24 PM,9/19/2017 3:35:24 PM,9/19/2017 3:36:24 PM,
5bjkthoz.efx,True,909,9/19/2017 3:35:24 PM,9/19/2017 3:35:24 PM,9/19/2017 3:36:24 PM,
0imnzyeg.fry,True,910,9/19/2017 3:35:24 PM,9/19/2017 3:35:24 PM,9/19/2017 3:36:24 PM,
qyq2mcaa.yok,True,911,9/19/2017 3:35:24 PM,9/19/2017 3:35:24 PM,9/19/2017 3:36:24 PM,
55vcjhlx.rgu,True,912,9/19/2017 3:35:24 PM,9/19/2017 3:35:24 PM,9/19/2017 3:36:24 PM,
2wleiffy.myc,True,913,9/19/2017 3:35:24 PM,9/19/2017 3:35:24 PM,9/19/2017 3:36:24 PM,
kf4oi0be.xqa,True,914,9/19/2017 3:35:24 PM,9/19/2017 3:35:24 PM,9/19/2017 3:36:24 PM,
jdp03izp.erd,True,915,9/19/2017 3:35:24 PM,9/19/2017 3:35:24 PM,9/19/2017 3:36:24 PM,
nnvvtsnr.gph,True,916,9/19/2017 3:35:24 PM,9/19/2017 3:35:24 PM,9/19/2017 3:36:24 PM,
chdoyo53.qfg,True,917,9/19/2017 3:35:24 PM,9/19/2017 3:35:24 PM,9/19/2017 3:36:24 PM,
ovzty4ta.5qj,True,918,9/19/2017 3:35:24 PM,9/19/2017 3:35:24 PM,9/19/2017 3:36:24 PM,
kp1hptu3.zju,True,919,9/19/2017 3:35:24 PM,9/19/2017 3:35:24 PM,9/19/2017 3:36:24 PM,
1oyjccx0.lnb,True,920,9/19/2017 3:35:24 PM,9/19/2017 3:35:24 PM,9/19/2017 3:36:24 PM,
jjnjmhkk.tpw,True,921,9/19/2017 3:35:24 PM,9/19/2017 3:35:24 PM,9/19/2017 3:36:24 PM,
orjoc5vv.rzy,True,922,9/19/2017 3:35:24 PM,9/19/2017 3:35:24 PM,9/19/2017 3:36:24 PM,
rfmzm5ro.dpv,True,923,9/19/2017 3:35:24 PM,9/19/2017 3:35:24 PM,9/19/2017 3:36:24 PM,
fmyaxxjy.01f,True,924,9/19/2017 3:35:24 PM,9/19/2017 3:35:24 PM,9/19/2017 3:36:24 PM,
5zzfrhtr.e4d,True,925,9/19/2017 3:35:24 PM,9/19/2017 3:35:24 PM,9/19/2017 3:36:24 PM,
a22mo5o3.xyt,True,926,9/19/2017 3:35:24 PM,9/19/2017 3:35:24 PM,9/19/2017 3:36:24 PM,
leji1fsl.ae0,True,927,9/19/2017 3:35:24 PM,9/19/2017 3:35:24 PM,9/19/2017 3:36:24 PM,
q3zjsybh.dz3,True,928,9/19/2017 3:35:24 PM,9/19/2017 3:35:24 PM,9/19/2017 3:36:24 PM,
pujdh5d3.gjt,True,929,9/19/2017 3:35:24 PM,9/19/2017 3:35:24 PM,9/19/2017 3:36:24 PM,
sbaj0cxv.oky,True,930,9/19/2017 3:35:24 PM,9/19/2017 3:35:24 PM,9/19/2017 3:36:24 PM,
jnjm4fq3.jju,True,931,9/19/2017 3:35:24 PM,9/19/2017 3:35:24 PM,9/19/2017 3:36:24 PM,
gnwjkbqf.d03,True,932,9/19/2017 3:35:24 PM,9/19/2017 3:35:24 PM,9/19/2017 3:36:24 PM,
j3sqfb2f.o0c,True,933,9/19/2017 3:35:24 PM,9/19/2017 3:35:24 PM,9/19/2017 3:36:24 PM,
sivq5pvj.b0d,True,934,9/19/2017 3:35:24 PM,9/19/2017 3:35:24 PM,9/19/2017 3:36:24 PM,
5lgfczzj.jrq,True,935,9/19/2017 3:35:24 PM,9/19/2017 3:35:24 PM,9/19/2017 3:36:24 PM,
hkkyso2i.k3o,True,936,9/19/2017 3:35:24 PM,9/19/2017 3:35:24 PM,9/19/2017 3:36:24 PM,
bd1vkgz4.rze,True,937,9/19/2017 3:35:24 PM,9/19/2017 3:35:24 PM,9/19/2017 3:36:24 PM,
tmottbfr.ihy,True,938,9/19/2017 3:35:24 PM,9/19/2017 3:35:24 PM,9/19/2017 3:36:24 PM,
lt0kvrts.rkw,True,939,9/19/2017 3:35:24 PM,9/19/2017 3:35:24 PM,9/19/2017 3:36:24 PM,
yefi2efm.5rc,True,940,9/19/2017 3:35:24 PM,9/19/2017 3:35:24 PM,9/19/2017 3:36:24 PM,
i450ydzh.tln,True,941,9/19/2017 3:35:24 PM,9/19/2017 3:35:24 PM,9/19/2017 3:36:24 PM,
0heu245t.e5p,True,942,9/19/2017 3:35:24 PM,9/19/2017 3:35:24 PM,9/19/2017 3:36:24 PM,
p0ebuej2.llc,True,943,9/19/2017 3:35:24 PM,9/19/2017 3:35:24 PM,9/19/2017 3:36:24 PM,
zkgicpl2.3ox,True,944,9/19/2017 3:35:24 PM,9/19/2017 3:35:24 PM,9/19/2017 3:36:24 PM,
yxcnufpf.pso,True,945,9/19/2017 3:35:24 PM,9/19/2017 3:35:24 PM,9/19/2017 3:36:24 PM,
5lr1050o.m23,True,946,9/19/2017 3:35:24 PM,9/19/2017 3:35:24 PM,9/19/2017 3:36:24 PM,
ks4kdi2h.xv3,True,947,9/19/2017 3:35:24 PM,9/19/2017 3:35:24 PM,9/19/2017 3:36:24 PM,
nlrodatj.cds,True,948,9/19/2017 3:35:24 PM,9/19/2017 3:35:24 PM,9/19/2017 3:36:24 PM,
e3pzgytb.olm,True,949,9/19/2017 3:35:24 PM,9/19/2017 3:35:24 PM,9/19/2017 3:36:24 PM,
m0ucnawh.3tr,True,950,9/19/2017 3:35:24 PM,9/19/2017 3:35:24 PM,9/19/2017 3:36:24 PM,
bkgz5sbo.pt1,True,951,9/19/2017 3:35:24 PM,9/19/2017 3:35:24 PM,9/19/2017 3:36:24 PM,
nrl11opw.w5r,True,952,9/19/2017 3:35:24 PM,9/19/2017 3:35:24 PM,9/19/2017 3:36:24 PM,
mrskpsbv.01a,True,953,9/19/2017 3:35:24 PM,9/19/2017 3:35:24 PM,9/19/2017 3:36:24 PM,
5ket3rsa.iig,True,954,9/19/2017 3:35:24 PM,9/19/2017 3:35:24 PM,9/19/2017 3:36:24 PM,
ruohgjdz.5ld,True,955,9/19/2017 3:35:24 PM,9/19/2017 3:35:24 PM,9/19/2017 3:36:24 PM,
43o042wd.k1i,True,956,9/19/2017 3:35:24 PM,9/19/2017 3:35:24 PM,9/19/2017 3:36:24 PM,
yi0g0k44.4px,True,957,9/19/2017 3:35:24 PM,9/19/2017 3:35:24 PM,9/19/2017 3:36:24 PM,
h2u521wa.jwl,True,958,9/19/2017 3:35:24 PM,9/19/2017 3:35:24 PM,9/19/2017 3:36:24 PM,
crmk1rt1.aio,True,959,9/19/2017 3:35:24 PM,9/19/2017 3:35:24 PM,9/19/2017 3:36:24 PM,
cgu5ffm5.jek,True,960,9/19/2017 3:35:24 PM,9/19/2017 3:35:24 PM,9/19/2017 3:36:24 PM,
4otojtsg.5fw,True,961,9/19/2017 3:35:24 PM,9/19/2017 3:35:24 PM,9/19/2017 3:36:24 PM,
0ewbv4ov.tkm,True,962,9/19/2017 3:35:24 PM,9/19/2017 3:35:24 PM,9/19/2017 3:36:24 PM,
301vri0s.ite,True,963,9/19/2017 3:35:24 PM,9/19/2017 3:35:24 PM,9/19/2017 3:36:24 PM,
posqkqep.f4w,True,964,9/19/2017 3:35:24 PM,9/19/2017 3:35:24 PM,9/19/2017 3:36:24 PM,
ew41ysp3.wdc,True,965,9/19/2017 3:35:24 PM,9/19/2017 3:35:24 PM,9/19/2017 3:36:24 PM,
qcw3ppbn.z2m,True,966,9/19/2017 3:35:24 PM,9/19/2017 3:35:24 PM,9/19/2017 3:36:24 PM,
k3uxobyt.hs2,True,967,9/19/2017 3:35:24 PM,9/19/2017 3:35:24 PM,9/19/2017 3:36:24 PM,
yfvqnitw.uer,True,968,9/19/2017 3:35:24 PM,9/19/2017 3:35:24 PM,9/19/2017 3:36:24 PM,
lrgftggr.cxh,True,969,9/19/2017 3:35:24 PM,9/19/2017 3:35:24 PM,9/19/2017 3:36:24 PM,
yenpywvr.zd1,True,970,9/19/2017 3:35:24 PM,9/19/2017 3:35:24 PM,9/19/2017 3:36:24 PM,
zrhihaxz.u1f,True,971,9/19/2017 3:35:24 PM,9/19/2017 3:35:24 PM,9/19/2017 3:36:24 PM,
ajo0zag0.1ub,True,972,9/19/2017 3:35:24 PM,9/19/2017 3:35:24 PM,9/19/2017 3:36:24 PM,
lfkq320n.hxu,True,973,9/19/2017 3:35:24 PM,9/19/2017 3:35:24 PM,9/19/2017 3:36:24 PM,
mindpqkz.acg,True,974,9/19/2017 3:35:24 PM,9/19/2017 3:35:24 PM,9/19/2017 3:36:24 PM,
ikqz0xoo.5uz,True,975,9/19/2017 3:35:24 PM,9/19/2017 3:35:24 PM,9/19/2017 3:36:24 PM,
o3foelfc.5ki,True,976,9/19/2017 3:35:24 PM,9/19/2017 3:35:24 PM,9/19/2017 3:36:24 PM,
inghtpoo.shx,True,977,9/19/2017 3:35:24 PM,9/19/2017 3:35:24 PM,9/19/2017 3:36:24 PM,
hvqnolnn.dj0,True,978,9/19/2017 3:35:24 PM,9/19/2017 3:35:24 PM,9/19/2017 3:36:24 PM,
1iukrtot.vkk,True,979,9/19/2017 3:35:24 PM,9/19/2017 3:35:24 PM,9/19/2017 3:36:24 PM,
scexrc1r.n0p,True,980,9/19/2017 3:35:24 PM,9/19/2017 3:35:24 PM,9/19/2017 3:36:24 PM,
kwcshggx.ghz,True,981,9/19/2017 3:35:24 PM,9/19/2017 3:35:24 PM,9/19/2017 3:36:24 PM,
xclv115k.tno,True,982,9/19/2017 3:35:24 PM,9/19/2017 3:35:24 PM,9/19/2017 3:36:24 PM,
m0ayrcgj.ocv,True,983,9/19/2017 3:35:24 PM,9/19/2017 3:35:24 PM,9/19/2017 3:36:24 PM,
wmzf5ias.uhk,True,984,9/19/2017 3:35:24 PM,9/19/2017 3:35:24 PM,9/19/2017 3:36:24 PM,
apryjqma.yig,True,985,9/19/2017 3:35:24 PM,9/19/2017 3:35:24 PM,9/19/2017 3:36:24 PM,
ac4iif5x.f0f,True,986,9/19/2017 3:35:24 PM,9/19/2017 3:35:24 PM,9/19/2017 3:36:24 PM,
vwah2lzq.4g1,True,987,9/19/2017 3:35:24 PM,9/19/2017 3:35:24 PM,9/19/2017 3:36:24 PM,
52vqjnzk.vzk,True,988,9/19/2017 3:35:24 PM,9/19/2017 3:35:24 PM,9/19/2017 3:36:24 PM,
oteflha3.ape,True,989,9/19/2017 3:35:24 PM,9/19/2017 3:35:24 PM,9/19/2017 3:36:24 PM,
mk3c4btp.wh4,True,990,9/19/2017 3:35:24 PM,9/19/2017 3:35:24 PM,9/19/2017 3:36:24 PM,
2hm3vf40.iy1,True,991,9/19/2017 3:35:24 PM,9/19/2017 3:35:24 PM,9/19/2017 3:36:24 PM,
4pivr423.l32,True,992,9/19/2017 3:35:24 PM,9/19/2017 3:35:24 PM,9/19/2017 3:36:24 PM,
xfwprefe.2bw,True,993,9/19/2017 3:35:24 PM,9/19/2017 3:35:24 PM,9/19/2017 3:36:24 PM,
35awy5ao.5if,True,994,9/19/2017 3:35:24 PM,9/19/2017 3:35:24 PM,9/19/2017 3:36:24 PM,
c4a5akpw.tve,True,995,9/19/2017 3:35:24 PM,9/19/2017 3:35:24 PM,9/19/2017 3:36:24 PM,
1voxifig.gzj,True,996,9/19/2017 3:35:24 PM,9/19/2017 3:35:24 PM,9/19/2017 3:36:24 PM,
awcjtdlc.azq,True,997,9/19/2017 3:35:24 PM,9/19/2017 3:35:24 PM,9/19/2017 3:36:24 PM,
r3e4qrz3.0kn,True,998,9/19/2017 3:35:24 PM,9/19/2017 3:35:24 PM,9/19/2017 3:36:24 PM,
yemhexra.sg0,True,999,9/19/2017 3:35:24 PM,9/19/2017 3:35:24 PM,9/19/2017 3:36:24 PM,
